Tarih,TP_DK_EUR_A_YTL
2013-01-01,
2013-01-02,2.3452
2013-01-03,2.3479
2013-01-04,2.3263
2013-01-05,
2013-01-06,
2013-01-07,2.3168
2013-01-08,2.3126
2013-01-09,2.3214
2013-01-10,2.3118
2013-01-11,2.313
2013-01-12,
2013-01-13,
2013-01-14,2.3394
2013-01-15,2.3535
2013-01-16,2.3534
2013-01-17,2.3419
2013-01-18,2.3377
2013-01-19,
2013-01-20,
2013-01-21,2.3353
2013-01-22,2.3353
2013-01-23,2.3431
2013-01-24,2.3485
2013-01-25,2.3498
2013-01-26,
2013-01-27,
2013-01-28,2.3616
2013-01-29,2.3654
2013-01-30,2.3695
2013-01-31,2.3805
2013-02-01,2.3787
2013-02-02,
2013-02-03,
2013-02-04,2.3828
2013-02-05,2.3708
2013-02-06,2.3707
2013-02-07,2.3764
2013-02-08,2.3873
2013-02-09,
2013-02-10,
2013-02-11,2.3636
2013-02-12,2.3624
2013-02-13,2.3711
2013-02-14,2.3712
2013-02-15,2.3522
2013-02-16,
2013-02-17,
2013-02-18,2.3558
2013-02-19,2.357
2013-02-20,2.3624
2013-02-21,2.3791
2013-02-22,2.3634
2013-02-23,
2013-02-24,
2013-02-25,2.3636
2013-02-26,2.3823
2013-02-27,2.364
2013-02-28,2.3627
2013-03-01,2.356
2013-03-02,
2013-03-03,
2013-03-04,2.3473
2013-03-05,2.343
2013-03-06,2.3409
2013-03-07,2.3356
2013-03-08,2.3396
2013-03-09,
2013-03-10,
2013-03-11,2.3512
2013-03-12,2.3438
2013-03-13,2.347
2013-03-14,2.3496
2013-03-15,2.3456
2013-03-16,
2013-03-17,
2013-03-18,2.3608
2013-03-19,2.3479
2013-03-20,2.3491
2013-03-21,2.3507
2013-03-22,2.3426
2013-03-23,
2013-03-24,
2013-03-25,2.351
2013-03-26,2.3551
2013-03-27,2.3379
2013-03-28,2.3257
2013-03-29,2.3206
2013-03-30,
2013-03-31,
2013-04-01,2.3189
2013-04-02,2.3193
2013-04-03,2.3173
2013-04-04,2.3153
2013-04-05,2.3149
2013-04-06,
2013-04-07,
2013-04-08,2.3287
2013-04-09,2.3268
2013-04-10,2.325
2013-04-11,2.3371
2013-04-12,2.3389
2013-04-13,
2013-04-14,
2013-04-15,2.3361
2013-04-16,2.339
2013-04-17,2.3452
2013-04-18,2.3536
2013-04-19,2.3421
2013-04-20,
2013-04-21,
2013-04-22,2.3498
2013-04-23,
2013-04-24,2.3501
2013-04-25,2.344
2013-04-26,2.3498
2013-04-27,
2013-04-28,
2013-04-29,2.3438
2013-04-30,2.3501
2013-05-01,
2013-05-02,2.3485
2013-05-03,2.3603
2013-05-04,
2013-05-05,
2013-05-06,2.3521
2013-05-07,2.3522
2013-05-08,2.3565
2013-05-09,2.3542
2013-05-10,2.353
2013-05-11,
2013-05-12,
2013-05-13,2.3414
2013-05-14,2.3423
2013-05-15,2.3508
2013-05-16,2.3456
2013-05-17,2.3466
2013-05-18,
2013-05-19,
2013-05-20,2.3596
2013-05-21,2.3704
2013-05-22,2.3779
2013-05-23,2.3796
2013-05-24,2.3833
2013-05-25,
2013-05-26,
2013-05-27,2.3891
2013-05-28,2.3871
2013-05-29,2.3888
2013-05-30,2.4057
2013-05-31,2.4208
2013-06-01,
2013-06-02,
2013-06-03,2.4498
2013-06-04,2.4603
2013-06-05,2.4522
2013-06-06,2.4573
2013-06-07,2.474
2013-06-08,
2013-06-09,
2013-06-10,2.4983
2013-06-11,2.5022
2013-06-12,2.5153
2013-06-13,2.4929
2013-06-14,2.491
2013-06-15,
2013-06-16,
2013-06-17,2.4696
2013-06-18,2.488
2013-06-19,2.5083
2013-06-20,2.5198
2013-06-21,2.5327
2013-06-22,
2013-06-23,
2013-06-24,2.5508
2013-06-25,2.5426
2013-06-26,2.538
2013-06-27,2.5192
2013-06-28,2.5109
2013-06-29,
2013-06-30,
2013-07-01,2.5137
2013-07-02,2.5086
2013-07-03,2.5042
2013-07-04,2.524
2013-07-05,2.5319
2013-07-06,
2013-07-07,
2013-07-08,2.5073
2013-07-09,2.5057
2013-07-10,2.4951
2013-07-11,2.4907
2013-07-12,2.5324
2013-07-13,
2013-07-14,
2013-07-15,2.5538
2013-07-16,2.5305
2013-07-17,2.5251
2013-07-18,2.53
2013-07-19,2.5115
2013-07-20,
2013-07-21,
2013-07-22,2.5212
2013-07-23,2.5216
2013-07-24,2.5209
2013-07-25,2.5243
2013-07-26,2.5408
2013-07-27,
2013-07-28,
2013-07-29,2.5496
2013-07-30,2.5541
2013-07-31,2.5539
2013-08-01,2.5608
2013-08-02,2.5617
2013-08-03,
2013-08-04,
2013-08-05,2.5707
2013-08-06,2.5599
2013-08-07,2.5607
2013-08-08,
2013-08-09,
2013-08-10,
2013-08-11,
2013-08-12,2.5607
2013-08-13,2.5572
2013-08-14,2.5597
2013-08-15,2.5658
2013-08-16,2.5622
2013-08-17,
2013-08-18,
2013-08-19,2.5805
2013-08-20,2.5973
2013-08-21,2.6061
2013-08-22,2.6223
2013-08-23,2.6446
2013-08-24,
2013-08-25,
2013-08-26,2.6509
2013-08-27,2.668
2013-08-28,2.6989
2013-08-29,2.747
2013-08-30,
2013-08-31,
2013-09-01,
2013-09-02,2.693
2013-09-03,2.6644
2013-09-04,2.6895
2013-09-05,2.7058
2013-09-06,2.7359
2013-09-07,
2013-09-08,
2013-09-09,2.7066
2013-09-10,2.6889
2013-09-11,2.687
2013-09-12,2.6712
2013-09-13,2.6869
2013-09-14,
2013-09-15,
2013-09-16,2.6926
2013-09-17,2.6617
2013-09-18,2.6778
2013-09-19,2.674
2013-09-20,2.6449
2013-09-21,
2013-09-22,
2013-09-23,2.6689
2013-09-24,2.6835
2013-09-25,2.691
2013-09-26,2.7049
2013-09-27,2.7171
2013-09-28,
2013-09-29,
2013-09-30,2.7484
2013-10-01,2.7502
2013-10-02,2.7251
2013-10-03,2.7305
2013-10-04,2.719
2013-10-05,
2013-10-06,
2013-10-07,2.7162
2013-10-08,2.7101
2013-10-09,2.6973
2013-10-10,2.6869
2013-10-11,2.6738
2013-10-12,
2013-10-13,
2013-10-14,2.6807
2013-10-15,
2013-10-16,
2013-10-17,
2013-10-18,
2013-10-19,
2013-10-20,
2013-10-21,2.6807
2013-10-22,2.6998
2013-10-23,2.7097
2013-10-24,2.7153
2013-10-25,2.7262
2013-10-26,
2013-10-27,
2013-10-28,2.7398
2013-10-29,
2013-10-30,2.7398
2013-10-31,2.7361
2013-11-01,2.72
2013-11-02,
2013-11-03,
2013-11-04,2.7128
2013-11-05,2.7254
2013-11-06,2.7303
2013-11-07,2.7374
2013-11-08,2.7384
2013-11-09,
2013-11-10,
2013-11-11,2.7197
2013-11-12,2.7262
2013-11-13,2.7461
2013-11-14,2.7539
2013-11-15,2.7486
2013-11-16,
2013-11-17,
2013-11-18,2.741
2013-11-19,2.7293
2013-11-20,2.7242
2013-11-21,2.719
2013-11-22,2.7123
2013-11-23,
2013-11-24,
2013-11-25,2.7255
2013-11-26,2.6995
2013-11-27,2.7193
2013-11-28,2.7398
2013-11-29,2.7423
2013-11-30,
2013-12-01,
2013-12-02,2.7454
2013-12-03,2.7495
2013-12-04,2.7629
2013-12-05,2.779
2013-12-06,2.7846
2013-12-07,
2013-12-08,
2013-12-09,2.7866
2013-12-10,2.7864
2013-12-11,2.786
2013-12-12,2.7932
2013-12-13,2.8064
2013-12-14,
2013-12-15,
2013-12-16,2.8031
2013-12-17,2.8016
2013-12-18,2.8042
2013-12-19,2.8086
2013-12-20,2.8188
2013-12-21,
2013-12-22,
2013-12-23,2.8505
2013-12-24,2.8573
2013-12-25,2.8466
2013-12-26,2.8353
2013-12-27,2.8693
2013-12-28,
2013-12-29,
2013-12-30,2.9844
2013-12-31,2.9365
2014-01-01,
2014-01-02,2.9344
2014-01-03,2.9744
2014-01-04,
2014-01-05,
2014-01-06,2.9587
2014-01-07,2.9767
2014-01-08,2.9613
2014-01-09,2.9575
2014-01-10,2.9732
2014-01-11,
2014-01-12,
2014-01-13,2.9586
2014-01-14,2.9671
2014-01-15,2.9969
2014-01-16,2.9834
2014-01-17,3.0025
2014-01-18,
2014-01-19,
2014-01-20,3.0023
2014-01-21,3.0337
2014-01-22,3.033
2014-01-23,3.0557
2014-01-24,3.0997
2014-01-25,
2014-01-26,
2014-01-27,3.1694
2014-01-28,3.2053
2014-01-29,3.0934
2014-01-30,3.0362
2014-01-31,3.1003
2014-02-01,
2014-02-02,
2014-02-03,3.0726
2014-02-04,3.0557
2014-02-05,3.0492
2014-02-06,3.0271
2014-02-07,3.0078
2014-02-08,
2014-02-09,
2014-02-10,3.0094
2014-02-11,3.034
2014-02-12,3.0111
2014-02-13,2.9857
2014-02-14,3.0062
2014-02-15,
2014-02-16,
2014-02-17,2.992
2014-02-18,2.9891
2014-02-19,2.9905
2014-02-20,3.009
2014-02-21,3.0249
2014-02-22,
2014-02-23,
2014-02-24,3.012
2014-02-25,2.9967
2014-02-26,3.0319
2014-02-27,3.0326
2014-02-28,3.0508
2014-03-01,
2014-03-02,
2014-03-03,3.0477
2014-03-04,3.0556
2014-03-05,3.044
2014-03-06,3.0298
2014-03-07,3.0225
2014-03-08,
2014-03-09,
2014-03-10,3.0381
2014-03-11,3.07
2014-03-12,3.0781
2014-03-13,3.1153
2014-03-14,3.1037
2014-03-15,
2014-03-16,
2014-03-17,3.0993
2014-03-18,3.0872
2014-03-19,3.0916
2014-03-20,3.0919
2014-03-21,3.0842
2014-03-22,
2014-03-23,
2014-03-24,3.0824
2014-03-25,3.0823
2014-03-26,3.0831
2014-03-27,3.0524
2014-03-28,3.0148
2014-03-29,
2014-03-30,
2014-03-31,3.0072
2014-04-01,2.9699
2014-04-02,2.9643
2014-04-03,2.9392
2014-04-04,2.939
2014-04-05,
2014-04-06,
2014-04-07,2.9264
2014-04-08,2.9068
2014-04-09,2.8838
2014-04-10,2.9036
2014-04-11,2.9105
2014-04-12,
2014-04-13,
2014-04-14,2.9406
2014-04-15,2.9419
2014-04-16,2.9342
2014-04-17,2.9507
2014-04-18,2.9505
2014-04-19,
2014-04-20,
2014-04-21,2.9411
2014-04-22,2.9481
2014-04-23,
2014-04-24,2.9516
2014-04-25,2.9568
2014-04-26,
2014-04-27,
2014-04-28,2.9533
2014-04-29,2.9558
2014-04-30,2.935
2014-05-01,
2014-05-02,2.9252
2014-05-03,
2014-05-04,
2014-05-05,2.9194
2014-05-06,2.9087
2014-05-07,2.9153
2014-05-08,2.9137
2014-05-09,2.8917
2014-05-10,
2014-05-11,
2014-05-12,2.8671
2014-05-13,2.8573
2014-05-14,2.8451
2014-05-15,2.8409
2014-05-16,2.8387
2014-05-17,
2014-05-18,
2014-05-19,
2014-05-20,2.8761
2014-05-21,2.8826
2014-05-22,2.8869
2014-05-23,2.8607
2014-05-24,
2014-05-25,
2014-05-26,2.841
2014-05-27,2.8435
2014-05-28,2.8621
2014-05-29,2.866
2014-05-30,2.8476
2014-05-31,
2014-06-01,
2014-06-02,2.8471
2014-06-03,2.8521
2014-06-04,2.861
2014-06-05,2.8862
2014-06-06,2.8682
2014-06-07,
2014-06-08,
2014-06-09,2.8498
2014-06-10,2.8319
2014-06-11,2.8296
2014-06-12,2.8318
2014-06-13,2.8486
2014-06-14,
2014-06-15,
2014-06-16,2.8741
2014-06-17,2.8923
2014-06-18,2.8953
2014-06-19,2.9066
2014-06-20,2.8985
2014-06-21,
2014-06-22,
2014-06-23,2.9069
2014-06-24,2.907
2014-06-25,2.9024
2014-06-26,2.9104
2014-06-27,2.8992
2014-06-28,
2014-06-29,
2014-06-30,2.8919
2014-07-01,2.8979
2014-07-02,2.9011
2014-07-03,2.9066
2014-07-04,2.91
2014-07-05,
2014-07-06,
2014-07-07,2.8927
2014-07-08,2.8975
2014-07-09,2.8893
2014-07-10,2.8907
2014-07-11,2.8929
2014-07-12,
2014-07-13,
2014-07-14,2.8881
2014-07-15,2.8861
2014-07-16,2.8853
2014-07-17,2.8745
2014-07-18,2.8715
2014-07-19,
2014-07-20,
2014-07-21,2.8768
2014-07-22,2.8636
2014-07-23,2.8572
2014-07-24,2.8172
2014-07-25,2.816
2014-07-26,
2014-07-27,
2014-07-28,
2014-07-29,
2014-07-30,
2014-07-31,2.8135
2014-08-01,2.856
2014-08-02,
2014-08-03,
2014-08-04,2.8719
2014-08-05,2.8608
2014-08-06,2.8485
2014-08-07,2.8872
2014-08-08,2.8871
2014-08-09,
2014-08-10,
2014-08-11,2.9036
2014-08-12,2.8779
2014-08-13,2.8856
2014-08-14,2.8837
2014-08-15,2.8831
2014-08-16,
2014-08-17,
2014-08-18,2.8856
2014-08-19,2.903
2014-08-20,2.8881
2014-08-21,2.8813
2014-08-22,2.8871
2014-08-23,
2014-08-24,
2014-08-25,2.8896
2014-08-26,2.874
2014-08-27,2.8623
2014-08-28,2.8448
2014-08-29,2.8528
2014-08-30,
2014-08-31,
2014-09-01,2.8451
2014-09-02,2.8381
2014-09-03,2.8435
2014-09-04,2.8418
2014-09-05,2.83
2014-09-06,
2014-09-07,
2014-09-08,2.802
2014-09-09,2.8003
2014-09-10,2.8218
2014-09-11,2.8492
2014-09-12,2.8333
2014-09-13,
2014-09-14,
2014-09-15,2.8455
2014-09-16,2.862
2014-09-17,2.86
2014-09-18,2.8586
2014-09-19,2.8623
2014-09-20,
2014-09-21,
2014-09-22,2.8624
2014-09-23,2.8781
2014-09-24,2.8745
2014-09-25,2.8677
2014-09-26,2.8607
2014-09-27,
2014-09-28,
2014-09-29,2.8748
2014-09-30,2.8914
2014-10-01,2.8746
2014-10-02,2.8771
2014-10-03,2.8709
2014-10-04,
2014-10-05,
2014-10-06,
2014-10-07,
2014-10-08,2.8709
2014-10-09,2.895
2014-10-10,2.8804
2014-10-11,
2014-10-12,
2014-10-13,2.8851
2014-10-14,2.878
2014-10-15,2.8862
2014-10-16,2.8718
2014-10-17,2.9027
2014-10-18,
2014-10-19,
2014-10-20,2.8824
2014-10-21,2.8667
2014-10-22,2.8642
2014-10-23,2.8513
2014-10-24,2.8334
2014-10-25,
2014-10-26,
2014-10-27,2.831
2014-10-28,2.8357
2014-10-29,
2014-10-30,2.8357
2014-10-31,2.7902
2014-11-01,
2014-11-02,
2014-11-03,2.7662
2014-11-04,2.7806
2014-11-05,2.7827
2014-11-06,2.7923
2014-11-07,2.8021
2014-11-08,
2014-11-09,
2014-11-10,2.8158
2014-11-11,2.8049
2014-11-12,2.8108
2014-11-13,2.8149
2014-11-14,2.7983
2014-11-15,
2014-11-16,
2014-11-17,2.791
2014-11-18,2.7861
2014-11-19,2.7777
2014-11-20,2.7933
2014-11-21,2.7959
2014-11-22,
2014-11-23,
2014-11-24,2.7667
2014-11-25,2.7609
2014-11-26,2.7702
2014-11-27,2.7688
2014-11-28,2.7644
2014-11-29,
2014-11-30,
2014-12-01,2.7535
2014-12-02,2.7667
2014-12-03,2.7605
2014-12-04,2.7578
2014-12-05,2.754
2014-12-06,
2014-12-07,
2014-12-08,2.7618
2014-12-09,2.7867
2014-12-10,2.7931
2014-12-11,2.7984
2014-12-12,2.8128
2014-12-13,
2014-12-14,
2014-12-15,2.8337
2014-12-16,2.8816
2014-12-17,2.9601
2014-12-18,2.9474
2014-12-19,2.8602
2014-12-20,
2014-12-21,
2014-12-22,2.8504
2014-12-23,2.8405
2014-12-24,2.8317
2014-12-25,2.8312
2014-12-26,2.8368
2014-12-27,
2014-12-28,
2014-12-29,2.8255
2014-12-30,2.8339
2014-12-31,2.8207
2015-01-01,
2015-01-02,2.8272
2015-01-03,
2015-01-04,
2015-01-05,2.8258
2015-01-06,2.7931
2015-01-07,2.7736
2015-01-08,2.7567
2015-01-09,2.7199
2015-01-10,
2015-01-11,
2015-01-12,2.7169
2015-01-13,2.7037
2015-01-14,2.6899
2015-01-15,2.6979
2015-01-16,2.6737
2015-01-17,
2015-01-18,
2015-01-19,2.6799
2015-01-20,2.7104
2015-01-21,2.7077
2015-01-22,2.7069
2015-01-23,2.7255
2015-01-24,
2015-01-25,
2015-01-26,2.6234
2015-01-27,2.6515
2015-01-28,2.6611
2015-01-29,2.6821
2015-01-30,2.7136
2015-01-31,
2015-02-01,
2015-02-02,2.7397
2015-02-03,2.7455
2015-02-04,2.7381
2015-02-05,2.7609
2015-02-06,2.7868
2015-02-07,
2015-02-08,
2015-02-09,2.7867
2015-02-10,2.8144
2015-02-11,2.8012
2015-02-12,2.8163
2015-02-13,2.8206
2015-02-14,
2015-02-15,
2015-02-16,2.8171
2015-02-17,2.7998
2015-02-18,2.7895
2015-02-19,2.8029
2015-02-20,2.7841
2015-02-21,
2015-02-22,
2015-02-23,2.7794
2015-02-24,2.8039
2015-02-25,2.8031
2015-02-26,2.7939
2015-02-27,2.8137
2015-02-28,
2015-03-01,
2015-03-02,2.8148
2015-03-03,2.8155
2015-03-04,2.8144
2015-03-05,2.8298
2015-03-06,2.8528
2015-03-07,
2015-03-08,
2015-03-09,2.8522
2015-03-10,2.8326
2015-03-11,2.8263
2015-03-12,2.7804
2015-03-13,2.7501
2015-03-14,
2015-03-15,
2015-03-16,2.7685
2015-03-17,2.7611
2015-03-18,2.7741
2015-03-19,2.7767
2015-03-20,2.7697
2015-03-21,
2015-03-22,
2015-03-23,2.7747
2015-03-24,2.7865
2015-03-25,2.7995
2015-03-26,2.8036
2015-03-27,2.8589
2015-03-28,
2015-03-29,
2015-03-30,2.8292
2015-03-31,2.8309
2015-04-01,2.8075
2015-04-02,2.7956
2015-04-03,2.8069
2015-04-04,
2015-04-05,
2015-04-06,2.8198
2015-04-07,2.8197
2015-04-08,2.8054
2015-04-09,2.8105
2015-04-10,2.7902
2015-04-11,
2015-04-12,
2015-04-13,2.7838
2015-04-14,2.7935
2015-04-15,2.8213
2015-04-16,2.8583
2015-04-17,2.8789
2015-04-18,
2015-04-19,
2015-04-20,2.8975
2015-04-21,2.8942
2015-04-22,2.884
2015-04-23,
2015-04-24,2.8949
2015-04-25,
2015-04-26,
2015-04-27,2.9553
2015-04-28,2.9538
2015-04-29,2.9202
2015-04-30,2.9302
2015-05-01,
2015-05-02,
2015-05-03,
2015-05-04,2.9709
2015-05-05,3.0218
2015-05-06,3.0091
2015-05-07,3.0413
2015-05-08,3.0632
2015-05-09,
2015-05-10,
2015-05-11,3.0136
2015-05-12,3.0082
2015-05-13,3.0212
2015-05-14,2.9814
2015-05-15,2.9849
2015-05-16,
2015-05-17,
2015-05-18,2.9408
2015-05-19,
2015-05-20,2.94
2015-05-21,2.8888
2015-05-22,2.8601
2015-05-23,
2015-05-24,
2015-05-25,2.8945
2015-05-26,2.8619
2015-05-27,2.8659
2015-05-28,2.8805
2015-05-29,2.899
2015-05-30,
2015-05-31,
2015-06-01,2.9146
2015-06-02,2.9222
2015-06-03,2.9425
2015-06-04,2.9855
2015-06-05,3.0472
2015-06-06,
2015-06-07,
2015-06-08,2.9966
2015-06-09,3.0848
2015-06-10,3.0986
2015-06-11,3.0948
2015-06-12,3.0854
2015-06-13,
2015-06-14,
2015-06-15,3.0382
2015-06-16,3.0673
2015-06-17,3.0877
2015-06-18,3.0798
2015-06-19,3.0887
2015-06-20,
2015-06-21,
2015-06-22,3.0712
2015-06-23,3.0401
2015-06-24,3.0017
2015-06-25,3.0003
2015-06-26,2.9813
2015-06-27,
2015-06-28,
2015-06-29,2.9777
2015-06-30,2.9822
2015-07-01,2.9982
2015-07-02,2.9749
2015-07-03,2.9888
2015-07-04,
2015-07-05,
2015-07-06,2.9845
2015-07-07,2.9723
2015-07-08,2.944
2015-07-09,2.9666
2015-07-10,2.9561
2015-07-11,
2015-07-12,
2015-07-13,2.9654
2015-07-14,2.9457
2015-07-15,2.9043
2015-07-16,2.905
2015-07-17,
2015-07-18,
2015-07-19,
2015-07-20,2.905
2015-07-21,2.9022
2015-07-22,2.9156
2015-07-23,2.9572
2015-07-24,2.9869
2015-07-25,
2015-07-26,
2015-07-27,2.9966
2015-07-28,3.0518
2015-07-29,3.0443
2015-07-30,3.0539
2015-07-31,3.0423
2015-08-01,
2015-08-02,
2015-08-03,3.0506
2015-08-04,3.0421
2015-08-05,3.0382
2015-08-06,3.0259
2015-08-07,3.0331
2015-08-08,
2015-08-09,
2015-08-10,3.0366
2015-08-11,3.0518
2015-08-12,3.0505
2015-08-13,3.0897
2015-08-14,3.094
2015-08-15,
2015-08-16,
2015-08-17,3.1584
2015-08-18,3.16
2015-08-19,3.1808
2015-08-20,3.2053
2015-08-21,3.3097
2015-08-22,
2015-08-23,
2015-08-24,3.286
2015-08-25,3.3849
2015-08-26,3.3734
2015-08-27,3.364
2015-08-28,3.289
2015-08-29,
2015-08-30,
2015-08-31,3.2876
2015-09-01,3.2716
2015-09-02,3.2865
2015-09-03,3.3132
2015-09-04,3.3198
2015-09-05,
2015-09-06,
2015-09-07,3.3168
2015-09-08,3.3777
2015-09-09,3.3682
2015-09-10,3.3541
2015-09-11,3.4035
2015-09-12,
2015-09-13,
2015-09-14,3.4219
2015-09-15,3.4684
2015-09-16,3.4407
2015-09-17,3.3872
2015-09-18,3.4116
2015-09-19,
2015-09-20,
2015-09-21,3.4248
2015-09-22,3.3847
2015-09-23,3.3602
2015-09-24,
2015-09-25,
2015-09-26,
2015-09-27,
2015-09-28,3.3602
2015-09-29,3.4057
2015-09-30,3.4212
2015-10-01,3.3941
2015-10-02,3.3639
2015-10-03,
2015-10-04,
2015-10-05,3.3756
2015-10-06,3.3661
2015-10-07,3.3498
2015-10-08,3.3049
2015-10-09,3.3133
2015-10-10,
2015-10-11,
2015-10-12,3.2834
2015-10-13,3.3254
2015-10-14,3.3485
2015-10-15,3.3554
2015-10-16,3.3011
2015-10-17,
2015-10-18,
2015-10-19,3.2862
2015-10-20,3.2753
2015-10-21,3.2891
2015-10-22,3.2973
2015-10-23,3.2702
2015-10-24,
2015-10-25,
2015-10-26,3.1837
2015-10-27,3.1894
2015-10-28,3.199
2015-10-29,
2015-10-30,3.199
2015-10-31,
2015-11-01,
2015-11-02,3.2068
2015-11-03,3.0898
2015-11-04,3.1101
2015-11-05,3.1
2015-11-06,3.1159
2015-11-07,
2015-11-08,
2015-11-09,3.1227
2015-11-10,3.1445
2015-11-11,3.1244
2015-11-12,3.1035
2015-11-13,3.0842
2015-11-14,
2015-11-15,
2015-11-16,3.0895
2015-11-17,3.0888
2015-11-18,3.0613
2015-11-19,3.056
2015-11-20,3.0465
2015-11-21,
2015-11-22,
2015-11-23,3.025
2015-11-24,3.0217
2015-11-25,3.0553
2015-11-26,3.0602
2015-11-27,3.0781
2015-11-28,
2015-11-29,
2015-11-30,3.0938
2015-12-01,3.0795
2015-12-02,3.065
2015-12-03,3.0517
2015-12-04,3.0498
2015-12-05,
2015-12-06,
2015-12-07,3.1464
2015-12-08,3.1267
2015-12-09,3.1628
2015-12-10,3.1806
2015-12-11,3.1904
2015-12-12,
2015-12-13,
2015-12-14,3.2286
2015-12-15,3.2521
2015-12-16,3.2729
2015-12-17,3.2384
2015-12-18,3.1819
2015-12-19,
2015-12-20,
2015-12-21,3.167
2015-12-22,3.1575
2015-12-23,3.1972
2015-12-24,3.1969
2015-12-25,3.1968
2015-12-26,
2015-12-27,
2015-12-28,3.1904
2015-12-29,3.2006
2015-12-30,3.1921
2015-12-31,3.1776
2016-01-01,
2016-01-02,
2016-01-03,
2016-01-04,3.1838
2016-01-05,3.2116
2016-01-06,3.2061
2016-01-07,3.2255
2016-01-08,3.2688
2016-01-09,
2016-01-10,
2016-01-11,3.2486
2016-01-12,3.2893
2016-01-13,3.2938
2016-01-14,3.2604
2016-01-15,3.3009
2016-01-16,
2016-01-17,
2016-01-18,3.3098
2016-01-19,3.3079
2016-01-20,3.2879
2016-01-21,3.3329
2016-01-22,3.3119
2016-01-23,
2016-01-24,
2016-01-25,3.2617
2016-01-26,3.2558
2016-01-27,3.2738
2016-01-28,3.26
2016-01-29,3.2479
2016-01-30,
2016-01-31,
2016-02-01,3.2292
2016-02-02,3.2224
2016-02-03,3.2222
2016-02-04,3.2189
2016-02-05,3.2406
2016-02-06,
2016-02-07,
2016-02-08,3.2525
2016-02-09,3.2655
2016-02-10,3.3007
2016-02-11,3.2939
2016-02-12,3.3154
2016-02-13,
2016-02-14,
2016-02-15,3.2981
2016-02-16,3.2962
2016-02-17,3.296
2016-02-18,3.3039
2016-02-19,3.2918
2016-02-20,
2016-02-21,
2016-02-22,3.293
2016-02-23,3.2581
2016-02-24,3.2337
2016-02-25,3.2276
2016-02-26,3.2295
2016-02-27,
2016-02-28,
2016-02-29,3.2296
2016-03-01,3.2305
2016-03-02,3.2022
2016-03-03,3.1898
2016-03-04,3.1783
2016-03-05,
2016-03-06,
2016-03-07,3.1961
2016-03-08,3.1988
2016-03-09,3.2183
2016-03-10,3.1909
2016-03-11,3.1613
2016-03-12,
2016-03-13,
2016-03-14,3.1926
2016-03-15,3.2021
2016-03-16,3.2025
2016-03-17,3.2253
2016-03-18,3.2274
2016-03-19,
2016-03-20,
2016-03-21,3.2195
2016-03-22,3.2319
2016-03-23,3.2222
2016-03-24,3.2096
2016-03-25,3.2141
2016-03-26,
2016-03-27,
2016-03-28,3.2049
2016-03-29,3.2082
2016-03-30,3.2114
2016-03-31,3.2081
2016-04-01,3.209
2016-04-02,
2016-04-03,
2016-04-04,3.2146
2016-04-05,3.2052
2016-04-06,3.2134
2016-04-07,3.2252
2016-04-08,3.2393
2016-04-09,
2016-04-10,
2016-04-11,3.2487
2016-04-12,3.2278
2016-04-13,3.2291
2016-04-14,3.226
2016-04-15,3.2193
2016-04-16,
2016-04-17,
2016-04-18,3.2161
2016-04-19,3.2234
2016-04-20,3.2102
2016-04-21,3.2144
2016-04-22,3.1888
2016-04-23,
2016-04-24,
2016-04-25,3.189
2016-04-26,3.2019
2016-04-27,3.1975
2016-04-28,3.1882
2016-04-29,3.1944
2016-04-30,
2016-05-01,
2016-05-02,3.1908
2016-05-03,3.2045
2016-05-04,3.2501
2016-05-05,3.2855
2016-05-06,3.3423
2016-05-07,
2016-05-08,
2016-05-09,3.3348
2016-05-10,3.3307
2016-05-11,3.3436
2016-05-12,3.375
2016-05-13,3.3622
2016-05-14,
2016-05-15,
2016-05-16,3.3569
2016-05-17,3.3627
2016-05-18,3.3579
2016-05-19,
2016-05-20,3.356
2016-05-21,
2016-05-22,
2016-05-23,3.3397
2016-05-24,3.3453
2016-05-25,3.3349
2016-05-26,3.2802
2016-05-27,3.2799
2016-05-28,
2016-05-29,
2016-05-30,3.2858
2016-05-31,3.2906
2016-06-01,3.2881
2016-06-02,3.2894
2016-06-03,3.2924
2016-06-04,
2016-06-05,
2016-06-06,3.2841
2016-06-07,3.2992
2016-06-08,3.2919
2016-06-09,3.286
2016-06-10,3.2893
2016-06-11,
2016-06-12,
2016-06-13,3.2883
2016-06-14,3.2923
2016-06-15,3.2923
2016-06-16,3.2852
2016-06-17,3.2932
2016-06-18,
2016-06-19,
2016-06-20,3.2966
2016-06-21,3.2858
2016-06-22,3.2823
2016-06-23,3.2776
2016-06-24,3.2728
2016-06-25,
2016-06-26,
2016-06-27,3.2444
2016-06-28,3.2402
2016-06-29,3.2262
2016-06-30,3.2044
2016-07-01,3.2078
2016-07-02,
2016-07-03,
2016-07-04,3.2044
2016-07-05,
2016-07-06,
2016-07-07,
2016-07-08,3.2044
2016-07-09,
2016-07-10,
2016-07-11,3.2342
2016-07-12,3.1984
2016-07-13,3.2065
2016-07-14,3.2035
2016-07-15,3.2132
2016-07-16,
2016-07-17,
2016-07-18,3.2102
2016-07-19,3.2591
2016-07-20,3.291
2016-07-21,3.3318
2016-07-22,3.3867
2016-07-23,
2016-07-24,
2016-07-25,3.3704
2016-07-26,3.3288
2016-07-27,3.3405
2016-07-28,3.3398
2016-07-29,3.3467
2016-07-30,
2016-07-31,
2016-08-01,3.3446
2016-08-02,3.3266
2016-08-03,3.3501
2016-08-04,3.3686
2016-08-05,3.3626
2016-08-06,
2016-08-07,
2016-08-08,3.3432
2016-08-09,3.3087
2016-08-10,3.3006
2016-08-11,3.298
2016-08-12,3.3027
2016-08-13,
2016-08-14,
2016-08-15,3.2954
2016-08-16,3.2967
2016-08-17,3.3014
2016-08-18,3.3054
2016-08-19,3.3086
2016-08-20,
2016-08-21,
2016-08-22,3.3242
2016-08-23,3.3252
2016-08-24,3.3282
2016-08-25,3.3331
2016-08-26,3.3161
2016-08-27,
2016-08-28,
2016-08-29,3.3124
2016-08-30,
2016-08-31,3.304
2016-09-01,3.291
2016-09-02,3.2945
2016-09-03,
2016-09-04,
2016-09-05,3.3096
2016-09-06,3.2882
2016-09-07,3.2803
2016-09-08,3.2924
2016-09-09,3.3091
2016-09-10,
2016-09-11,
2016-09-12,
2016-09-13,
2016-09-14,
2016-09-15,
2016-09-16,3.33
2016-09-17,
2016-09-18,
2016-09-19,3.3327
2016-09-20,3.3199
2016-09-21,3.3282
2016-09-22,3.3152
2016-09-23,3.31
2016-09-24,
2016-09-25,
2016-09-26,3.3044
2016-09-27,3.3546
2016-09-28,3.3401
2016-09-29,3.3362
2016-09-30,3.3608
2016-10-01,
2016-10-02,
2016-10-03,3.3548
2016-10-04,3.3743
2016-10-05,3.3834
2016-10-06,3.4264
2016-10-07,3.4134
2016-10-08,
2016-10-09,
2016-10-10,3.3944
2016-10-11,3.4173
2016-10-12,3.42
2016-10-13,3.3983
2016-10-14,3.4121
2016-10-15,
2016-10-16,
2016-10-17,3.3999
2016-10-18,3.4015
2016-10-19,3.406
2016-10-20,3.3827
2016-10-21,3.3657
2016-10-22,
2016-10-23,
2016-10-24,3.3478
2016-10-25,3.3454
2016-10-26,3.3488
2016-10-27,3.3605
2016-10-28,3.3834
2016-10-29,
2016-10-30,
2016-10-31,3.3834
2016-11-01,3.3993
2016-11-02,3.4059
2016-11-03,3.448
2016-11-04,3.4543
2016-11-05,
2016-11-06,
2016-11-07,3.4794
2016-11-08,3.4878
2016-11-09,3.5067
2016-11-10,3.5412
2016-11-11,3.4983
2016-11-12,
2016-11-13,
2016-11-14,3.548
2016-11-15,3.5307
2016-11-16,3.5262
2016-11-17,3.5421
2016-11-18,3.5496
2016-11-19,
2016-11-20,
2016-11-21,3.5899
2016-11-22,3.5867
2016-11-23,3.57
2016-11-24,3.5929
2016-11-25,3.5938
2016-11-26,
2016-11-27,
2016-11-28,3.6434
2016-11-29,3.637
2016-11-30,3.6253
2016-12-01,3.6364
2016-12-02,3.662
2016-12-03,
2016-12-04,
2016-12-05,3.7376
2016-12-06,3.7579
2016-12-07,3.7764
2016-12-08,3.6775
2016-12-09,3.6304
2016-12-10,
2016-12-11,
2016-12-12,3.6633
2016-12-13,3.722
2016-12-14,3.6894
2016-12-15,3.701
2016-12-16,3.6845
2016-12-17,
2016-12-18,
2016-12-19,3.651
2016-12-20,3.6535
2016-12-21,3.647
2016-12-22,3.6524
2016-12-23,3.6622
2016-12-24,
2016-12-25,
2016-12-26,3.6647
2016-12-27,3.6639
2016-12-28,3.6711
2016-12-29,3.6901
2016-12-30,3.6939
2016-12-31,
2017-01-01,
2017-01-02,3.7099
2017-01-03,3.7086
2017-01-04,3.7278
2017-01-05,3.7291
2017-01-06,3.7808
2017-01-07,
2017-01-08,
2017-01-09,3.827
2017-01-10,3.8986
2017-01-11,3.9852
2017-01-12,4.0591
2017-01-13,4.089
2017-01-14,
2017-01-15,
2017-01-16,4.0419
2017-01-17,3.9863
2017-01-18,4.0374
2017-01-19,4.0364
2017-01-20,4.042
2017-01-21,
2017-01-22,
2017-01-23,4.0684
2017-01-24,4.0447
2017-01-25,4.03
2017-01-26,4.0836
2017-01-27,4.1145
2017-01-28,
2017-01-29,
2017-01-30,4.1421
2017-01-31,4.0983
2017-02-01,4.0558
2017-02-02,4.0733
2017-02-03,4.0338
2017-02-04,
2017-02-05,
2017-02-06,4.0212
2017-02-07,3.954
2017-02-08,3.9599
2017-02-09,3.9858
2017-02-10,3.9594
2017-02-11,
2017-02-12,
2017-02-13,3.9116
2017-02-14,3.9228
2017-02-15,3.8759
2017-02-16,3.8518
2017-02-17,3.9003
2017-02-18,
2017-02-19,
2017-02-20,3.9049
2017-02-21,3.8457
2017-02-22,3.8208
2017-02-23,3.7942
2017-02-24,3.7719
2017-02-25,
2017-02-26,
2017-02-27,3.7804
2017-02-28,3.7963
2017-03-01,3.8222
2017-03-02,3.8289
2017-03-03,3.8769
2017-03-04,
2017-03-05,
2017-03-06,3.9177
2017-03-07,3.9339
2017-03-08,3.8979
2017-03-09,3.91
2017-03-10,3.959
2017-03-11,
2017-03-12,
2017-03-13,3.9728
2017-03-14,3.9943
2017-03-15,3.9856
2017-03-16,3.9634
2017-03-17,3.936
2017-03-18,
2017-03-19,
2017-03-20,3.8812
2017-03-21,3.9023
2017-03-22,3.8964
2017-03-23,3.914
2017-03-24,3.8973
2017-03-25,
2017-03-26,
2017-03-27,3.9051
2017-03-28,3.9045
2017-03-29,3.9283
2017-03-30,3.9268
2017-03-31,3.9083
2017-04-01,
2017-04-02,
2017-04-03,3.8851
2017-04-04,3.8789
2017-04-05,3.8807
2017-04-06,3.9248
2017-04-07,3.9536
2017-04-08,
2017-04-09,
2017-04-10,3.9568
2017-04-11,3.9431
2017-04-12,3.9393
2017-04-13,3.9002
2017-04-14,3.8908
2017-04-15,
2017-04-16,
2017-04-17,3.9083
2017-04-18,3.8889
2017-04-19,3.9264
2017-04-20,3.9271
2017-04-21,3.9123
2017-04-22,
2017-04-23,
2017-04-24,3.8979
2017-04-25,3.8997
2017-04-26,3.9001
2017-04-27,3.9093
2017-04-28,3.8787
2017-04-29,
2017-04-30,
2017-05-01,
2017-05-02,3.8744
2017-05-03,3.8577
2017-05-04,3.8546
2017-05-05,3.8677
2017-05-06,
2017-05-07,
2017-05-08,3.9023
2017-05-09,3.886
2017-05-10,3.9178
2017-05-11,3.914
2017-05-12,3.8858
2017-05-13,
2017-05-14,
2017-05-15,3.8974
2017-05-16,3.8946
2017-05-17,3.9142
2017-05-18,3.9457
2017-05-19,
2017-05-20,
2017-05-21,
2017-05-22,4.0203
2017-05-23,3.9879
2017-05-24,4.008
2017-05-25,3.9859
2017-05-26,3.9957
2017-05-27,
2017-05-28,
2017-05-29,3.998
2017-05-30,3.9977
2017-05-31,3.9744
2017-06-01,3.9558
2017-06-02,3.966
2017-06-03,
2017-06-04,
2017-06-05,3.9573
2017-06-06,3.9475
2017-06-07,3.9743
2017-06-08,3.9562
2017-06-09,3.981
2017-06-10,
2017-06-11,
2017-06-12,3.9378
2017-06-13,3.9478
2017-06-14,3.9424
2017-06-15,3.9381
2017-06-16,3.9161
2017-06-17,
2017-06-18,
2017-06-19,3.9224
2017-06-20,3.9213
2017-06-21,3.9284
2017-06-22,3.938
2017-06-23,3.9283
2017-06-24,
2017-06-25,
2017-06-26,
2017-06-27,
2017-06-28,3.91
2017-06-29,4.0015
2017-06-30,4.003
2017-07-01,
2017-07-02,
2017-07-03,4.0126
2017-07-04,4.0188
2017-07-05,4.0306
2017-07-06,4.0587
2017-07-07,4.1148
2017-07-08,
2017-07-09,
2017-07-10,4.1437
2017-07-11,4.1072
2017-07-12,4.137
2017-07-13,4.1266
2017-07-14,4.069
2017-07-15,
2017-07-16,
2017-07-17,4.0644
2017-07-18,4.0517
2017-07-19,4.0698
2017-07-20,4.0649
2017-07-21,4.0612
2017-07-22,
2017-07-23,
2017-07-24,4.111
2017-07-25,4.1286
2017-07-26,4.1471
2017-07-27,4.139
2017-07-28,4.1316
2017-07-29,
2017-07-30,
2017-07-31,4.1316
2017-08-01,4.1325
2017-08-02,4.1558
2017-08-03,4.1778
2017-08-04,4.1904
2017-08-05,
2017-08-06,
2017-08-07,4.192
2017-08-08,4.1644
2017-08-09,4.1656
2017-08-10,4.1537
2017-08-11,4.1431
2017-08-12,
2017-08-13,
2017-08-14,4.1663
2017-08-15,4.1617
2017-08-16,4.1439
2017-08-17,4.1352
2017-08-18,4.125
2017-08-19,
2017-08-20,
2017-08-21,4.1333
2017-08-22,4.1242
2017-08-23,4.117
2017-08-24,4.1183
2017-08-25,4.1021
2017-08-26,
2017-08-27,
2017-08-28,4.1046
2017-08-29,4.1097
2017-08-30,
2017-08-31,4.143
2017-09-01,
2017-09-02,
2017-09-03,
2017-09-04,
2017-09-05,4.143
2017-09-06,4.0889
2017-09-07,4.1047
2017-09-08,4.0919
2017-09-09,
2017-09-10,
2017-09-11,4.1085
2017-09-12,4.0796
2017-09-13,4.0969
2017-09-14,4.114
2017-09-15,4.1098
2017-09-16,
2017-09-17,
2017-09-18,4.0963
2017-09-19,4.1249
2017-09-20,4.1835
2017-09-21,4.1725
2017-09-22,4.1775
2017-09-23,
2017-09-24,
2017-09-25,4.1763
2017-09-26,4.1818
2017-09-27,4.1747
2017-09-28,4.1891
2017-09-29,4.2023
2017-09-30,
2017-10-01,
2017-10-02,4.1924
2017-10-03,4.1992
2017-10-04,4.2007
2017-10-05,4.1924
2017-10-06,4.1964
2017-10-07,
2017-10-08,
2017-10-09,4.2168
2017-10-10,4.3383
2017-10-11,4.3375
2017-10-12,4.3451
2017-10-13,4.3226
2017-10-14,
2017-10-15,
2017-10-16,4.3142
2017-10-17,4.2933
2017-10-18,4.2989
2017-10-19,4.3184
2017-10-20,4.3258
2017-10-21,
2017-10-22,
2017-10-23,4.3219
2017-10-24,4.3445
2017-10-25,4.3637
2017-10-26,4.3909
2017-10-27,4.4468
2017-10-28,
2017-10-29,
2017-10-30,4.4378
2017-10-31,4.3848
2017-11-01,4.3942
2017-11-02,4.4326
2017-11-03,4.4339
2017-11-04,
2017-11-05,
2017-11-06,4.4504
2017-11-07,4.4787
2017-11-08,4.4609
2017-11-09,4.5014
2017-11-10,4.4742
2017-11-11,
2017-11-12,
2017-11-13,4.4998
2017-11-14,4.5021
2017-11-15,4.5253
2017-11-16,4.5939
2017-11-17,4.5564
2017-11-18,
2017-11-19,
2017-11-20,4.576
2017-11-21,4.577
2017-11-22,4.6378
2017-11-23,4.6547
2017-11-24,4.6375
2017-11-25,
2017-11-26,
2017-11-27,4.6677
2017-11-28,4.6878
2017-11-29,4.6642
2017-11-30,4.6853
2017-12-01,4.6663
2017-12-02,
2017-12-03,
2017-12-04,4.6832
2017-12-05,4.6472
2017-12-06,4.5804
2017-12-07,4.5555
2017-12-08,4.5518
2017-12-09,
2017-12-10,
2017-12-11,4.5265
2017-12-12,4.5128
2017-12-13,4.5086
2017-12-14,4.5092
2017-12-15,4.5316
2017-12-16,
2017-12-17,
2017-12-18,4.5511
2017-12-19,4.5385
2017-12-20,4.5271
2017-12-21,4.5394
2017-12-22,4.5382
2017-12-23,
2017-12-24,
2017-12-25,4.5171
2017-12-26,4.5205
2017-12-27,4.5116
2017-12-28,4.5385
2017-12-29,4.5478
2017-12-30,
2017-12-31,
2018-01-01,
2018-01-02,4.5155
2018-01-03,4.5375
2018-01-04,4.5267
2018-01-05,4.5269
2018-01-06,
2018-01-07,
2018-01-08,4.5144
2018-01-09,4.493
2018-01-10,4.484
2018-01-11,4.5255
2018-01-12,4.5287
2018-01-13,
2018-01-14,
2018-01-15,4.5517
2018-01-16,4.6015
2018-01-17,4.6679
2018-01-18,4.6624
2018-01-19,4.6385
2018-01-20,
2018-01-21,
2018-01-22,4.6367
2018-01-23,4.6647
2018-01-24,4.6369
2018-01-25,4.6307
2018-01-26,4.6465
2018-01-27,
2018-01-28,
2018-01-29,4.6557
2018-01-30,4.6804
2018-01-31,4.6824
2018-02-01,4.6728
2018-02-02,4.6671
2018-02-03,
2018-02-04,
2018-02-05,4.6795
2018-02-06,4.6867
2018-02-07,4.6843
2018-02-08,4.6638
2018-02-09,4.6629
2018-02-10,
2018-02-11,
2018-02-12,4.6749
2018-02-13,4.6718
2018-02-14,4.6793
2018-02-15,4.6938
2018-02-16,4.7089
2018-02-17,
2018-02-18,
2018-02-19,4.6967
2018-02-20,4.6593
2018-02-21,4.6575
2018-02-22,4.6641
2018-02-23,4.6666
2018-02-24,
2018-02-25,
2018-02-26,4.6527
2018-02-27,4.6561
2018-02-28,4.6646
2018-03-01,4.6439
2018-03-02,4.6434
2018-03-03,
2018-03-04,
2018-03-05,4.6705
2018-03-06,4.6963
2018-03-07,4.693
2018-03-08,4.7154
2018-03-09,4.7192
2018-03-10,
2018-03-11,
2018-03-12,4.6969
2018-03-13,4.6997
2018-03-14,4.7544
2018-03-15,4.7787
2018-03-16,4.8057
2018-03-17,
2018-03-18,
2018-03-19,4.8103
2018-03-20,4.8335
2018-03-21,4.8516
2018-03-22,4.8223
2018-03-23,4.8245
2018-03-24,
2018-03-25,
2018-03-26,4.8853
2018-03-27,4.9251
2018-03-28,4.9414
2018-03-29,4.95
2018-03-30,4.9191
2018-03-31,
2018-04-01,
2018-04-02,4.8673
2018-04-03,4.88
2018-04-04,4.8946
2018-04-05,4.9228
2018-04-06,4.9396
2018-04-07,
2018-04-08,
2018-04-09,4.9588
2018-04-10,4.9798
2018-04-11,5.019
2018-04-12,5.1305
2018-04-13,5.097
2018-04-14,
2018-04-15,
2018-04-16,5.0279
2018-04-17,5.0619
2018-04-18,5.0747
2018-04-19,5.0665
2018-04-20,4.9841
2018-04-21,
2018-04-22,
2018-04-23,
2018-04-24,4.967
2018-04-25,4.9862
2018-04-26,4.972
2018-04-27,4.9503
2018-04-28,
2018-04-29,
2018-04-30,4.8961
2018-05-01,
2018-05-02,4.8917
2018-05-03,4.9472
2018-05-04,5.0243
2018-05-05,
2018-05-06,
2018-05-07,5.0911
2018-05-08,5.0746
2018-05-09,5.092
2018-05-10,5.0834
2018-05-11,5.0668
2018-05-12,
2018-05-13,
2018-05-14,5.0757
2018-05-15,5.1741
2018-05-16,5.2365
2018-05-17,5.2687
2018-05-18,5.2412
2018-05-19,
2018-05-20,
2018-05-21,5.2674
2018-05-22,5.3469
2018-05-23,5.4043
2018-05-24,5.6817
2018-05-25,5.5133
2018-05-26,
2018-05-27,
2018-05-28,5.524
2018-05-29,5.3665
2018-05-30,5.3127
2018-05-31,5.2064
2018-06-01,5.2431
2018-06-02,
2018-06-03,
2018-06-04,5.3686
2018-06-05,5.4214
2018-06-06,5.3881
2018-06-07,5.419
2018-06-08,5.378
2018-06-09,
2018-06-10,
2018-06-11,5.2956
2018-06-12,5.3223
2018-06-13,5.3626
2018-06-14,5.4621
2018-06-15,
2018-06-16,
2018-06-17,
2018-06-18,5.4621
2018-06-19,5.4667
2018-06-20,5.4969
2018-06-21,5.4929
2018-06-22,5.4833
2018-06-23,
2018-06-24,
2018-06-25,5.4848
2018-06-26,5.4071
2018-06-27,5.4576
2018-06-28,5.396
2018-06-29,5.331
2018-06-30,
2018-07-01,
2018-07-02,5.3092
2018-07-03,5.3804
2018-07-04,5.4274
2018-07-05,5.4731
2018-07-06,5.4288
2018-07-07,
2018-07-08,
2018-07-09,5.3876
2018-07-10,5.3334
2018-07-11,5.5167
2018-07-12,5.5636
2018-07-13,5.6233
2018-07-14,
2018-07-15,
2018-07-16,5.632
2018-07-17,5.6599
2018-07-18,5.6714
2018-07-19,5.568
2018-07-20,5.5986
2018-07-21,
2018-07-22,
2018-07-23,5.5924
2018-07-24,5.5684
2018-07-25,5.5862
2018-07-26,5.6774
2018-07-27,5.6457
2018-07-28,
2018-07-29,
2018-07-30,5.6499
2018-07-31,5.7034
2018-08-01,5.7456
2018-08-02,5.7515
2018-08-03,5.87
2018-08-04,
2018-08-05,
2018-08-06,5.8794
2018-08-07,5.9462
2018-08-08,6.0999
2018-08-09,6.1252
2018-08-10,6.2588
2018-08-11,
2018-08-12,
2018-08-13,6.8081
2018-08-14,7.8327
2018-08-15,7.4687
2018-08-16,6.9501
2018-08-17,6.5935
2018-08-18,
2018-08-19,
2018-08-20,6.8267
2018-08-21,
2018-08-22,
2018-08-23,
2018-08-24,
2018-08-25,
2018-08-26,
2018-08-27,6.8267
2018-08-28,7.1875
2018-08-29,7.2744
2018-08-30,
2018-08-31,7.4735
2018-09-01,
2018-09-02,
2018-09-03,7.6428
2018-09-04,7.6868
2018-09-05,7.7252
2018-09-06,7.7336
2018-09-07,7.6573
2018-09-08,
2018-09-09,
2018-09-10,7.5259
2018-09-11,7.4635
2018-09-12,7.4899
2018-09-13,7.4085
2018-09-14,7.3855
2018-09-15,
2018-09-16,
2018-09-17,7.0988
2018-09-18,7.2946
2018-09-19,7.4387
2018-09-20,7.3766
2018-09-21,7.3437
2018-09-22,
2018-09-23,
2018-09-24,7.3794
2018-09-25,7.3234
2018-09-26,7.2057
2018-09-27,7.2007
2018-09-28,7.113
2018-09-29,
2018-09-30,
2018-10-01,6.9505
2018-10-02,6.9213
2018-10-03,6.9255
2018-10-04,6.9741
2018-10-05,7.0388
2018-10-06,
2018-10-07,
2018-10-08,7.0786
2018-10-09,7.0624
2018-10-10,7.0088
2018-10-11,6.9994
2018-10-12,6.9147
2018-10-13,
2018-10-14,
2018-10-15,6.8404
2018-10-16,6.7288
2018-10-17,6.6943
2018-10-18,6.5678
2018-10-19,6.39
2018-10-20,
2018-10-21,
2018-10-22,6.4316
2018-10-23,6.5039
2018-10-24,6.6206
2018-10-25,6.5295
2018-10-26,6.4795
2018-10-27,
2018-10-28,
2018-10-29,
2018-10-30,6.3835
2018-10-31,6.2734
2018-11-01,6.2373
2018-11-02,6.3351
2018-11-03,
2018-11-04,
2018-11-05,6.246
2018-11-06,6.1996
2018-11-07,6.0954
2018-11-08,6.1463
2018-11-09,6.1806
2018-11-10,
2018-11-11,
2018-11-12,6.2174
2018-11-13,6.1672
2018-11-14,6.1575
2018-11-15,6.1622
2018-11-16,6.131
2018-11-17,
2018-11-18,
2018-11-19,6.0565
2018-11-20,6.0775
2018-11-21,6.0935
2018-11-22,6.0935
2018-11-23,6.0497
2018-11-24,
2018-11-25,
2018-11-26,6.0042
2018-11-27,5.9604
2018-11-28,5.9259
2018-11-29,5.9233
2018-11-30,5.8737
2018-12-01,
2018-12-02,
2018-12-03,5.8679
2018-12-04,5.895
2018-12-05,6.0068
2018-12-06,6.0929
2018-12-07,6.0759
2018-12-08,
2018-12-09,
2018-12-10,6.0572
2018-12-11,6.0289
2018-12-12,6.088
2018-12-13,6.0764
2018-12-14,6.0997
2018-12-15,
2018-12-16,
2018-12-17,6.0755
2018-12-18,6.091
2018-12-19,6.0839
2018-12-20,6.0764
2018-12-21,6.0206
2018-12-22,
2018-12-23,
2018-12-24,6.0342
2018-12-25,6.0291
2018-12-26,6.0419
2018-12-27,6.0185
2018-12-28,6.0245
2018-12-29,
2018-12-30,
2018-12-31,6.028
2019-01-01,
2019-01-02,6.0422
2019-01-03,6.1061
2019-01-04,6.2057
2019-01-05,
2019-01-06,
2019-01-07,6.1687
2019-01-08,6.1285
2019-01-09,6.2134
2019-01-10,6.2999
2019-01-11,6.3007
2019-01-12,
2019-01-13,
2019-01-14,6.2525
2019-01-15,6.321
2019-01-16,6.2291
2019-01-17,6.1605
2019-01-18,6.103
2019-01-19,
2019-01-20,
2019-01-21,6.0908
2019-01-22,6.0714
2019-01-23,6.0716
2019-01-24,6.0386
2019-01-25,5.9905
2019-01-26,
2019-01-27,
2019-01-28,5.9654
2019-01-29,6.019
2019-01-30,6.101
2019-01-31,6.0339
2019-02-01,5.9871
2019-02-02,
2019-02-03,
2019-02-04,5.9515
2019-02-05,5.9743
2019-02-06,5.9371
2019-02-07,5.9328
2019-02-08,5.9468
2019-02-09,
2019-02-10,
2019-02-11,5.9447
2019-02-12,5.946
2019-02-13,5.9377
2019-02-14,5.9374
2019-02-15,5.9591
2019-02-16,
2019-02-17,
2019-02-18,5.9335
2019-02-19,5.9886
2019-02-20,5.9958
2019-02-21,6.0072
2019-02-22,6.0263
2019-02-23,
2019-02-24,
2019-02-25,6.0318
2019-02-26,6.0244
2019-02-27,6.0141
2019-02-28,6.0257
2019-03-01,6.0576
2019-03-02,
2019-03-03,
2019-03-04,6.0762
2019-03-05,6.1024
2019-03-06,6.0803
2019-03-07,6.08
2019-03-08,6.1419
2019-03-09,
2019-03-10,
2019-03-11,6.1157
2019-03-12,6.1114
2019-03-13,6.1249
2019-03-14,6.1567
2019-03-15,6.18
2019-03-16,
2019-03-17,
2019-03-18,6.1776
2019-03-19,6.1905
2019-03-20,6.2034
2019-03-21,6.2082
2019-03-22,6.2032
2019-03-23,
2019-03-24,
2019-03-25,6.263
2019-03-26,6.3858
2019-03-27,6.2162
2019-03-28,6.0091
2019-03-29,6.2335
2019-03-30,
2019-03-31,
2019-04-01,6.3188
2019-04-02,6.2906
2019-04-03,6.2242
2019-04-04,6.3022
2019-04-05,6.3225
2019-04-06,
2019-04-07,
2019-04-08,6.2797
2019-04-09,6.3682
2019-04-10,6.3775
2019-04-11,6.3946
2019-04-12,6.441
2019-04-13,
2019-04-14,
2019-04-15,6.5359
2019-04-16,6.5449
2019-04-17,6.5442
2019-04-18,6.4952
2019-04-19,6.5445
2019-04-20,
2019-04-21,
2019-04-22,6.5133
2019-04-23,
2019-04-24,6.5519
2019-04-25,6.5706
2019-04-26,6.5652
2019-04-27,
2019-04-28,
2019-04-29,6.5981
2019-04-30,6.6151
2019-05-01,
2019-05-02,6.673
2019-05-03,6.6744
2019-05-04,
2019-05-05,
2019-05-06,6.6512
2019-05-07,6.7057
2019-05-08,6.8838
2019-05-09,6.9019
2019-05-10,6.9419
2019-05-11,
2019-05-12,
2019-05-13,6.8651
2019-05-14,6.8324
2019-05-15,6.7902
2019-05-16,6.7805
2019-05-17,6.7256
2019-05-18,
2019-05-19,
2019-05-20,6.7549
2019-05-21,6.7391
2019-05-22,6.7369
2019-05-23,6.7819
2019-05-24,6.8227
2019-05-25,
2019-05-26,
2019-05-27,6.7864
2019-05-28,6.7692
2019-05-29,6.7576
2019-05-30,6.7101
2019-05-31,6.5966
2019-06-01,
2019-06-02,
2019-06-03,6.532
2019-06-04,
2019-06-05,
2019-06-06,
2019-06-07,6.532
2019-06-08,
2019-06-09,
2019-06-10,6.5729
2019-06-11,6.5631
2019-06-12,6.5392
2019-06-13,6.5709
2019-06-14,6.5793
2019-06-15,
2019-06-16,
2019-06-17,6.6316
2019-06-18,6.5845
2019-06-19,6.5465
2019-06-20,6.5549
2019-06-21,6.4742
2019-06-22,
2019-06-23,
2019-06-24,6.547
2019-06-25,6.5409
2019-06-26,6.5935
2019-06-27,6.5476
2019-06-28,6.5571
2019-06-29,
2019-06-30,
2019-07-01,6.5507
2019-07-02,6.4353
2019-07-03,6.4013
2019-07-04,6.3544
2019-07-05,6.3117
2019-07-06,
2019-07-07,
2019-07-08,6.309
2019-07-09,6.4235
2019-07-10,6.3998
2019-07-11,6.4369
2019-07-12,6.3877
2019-07-13,
2019-07-14,
2019-07-15,
2019-07-16,6.4088
2019-07-17,6.4086
2019-07-18,6.383
2019-07-19,6.3913
2019-07-20,
2019-07-21,
2019-07-22,6.334
2019-07-23,6.3586
2019-07-24,6.3499
2019-07-25,6.3671
2019-07-26,6.3422
2019-07-27,
2019-07-28,
2019-07-29,6.2997
2019-07-30,6.2586
2019-07-31,6.2088
2019-08-01,6.1574
2019-08-02,6.1609
2019-08-03,
2019-08-04,
2019-08-05,6.1942
2019-08-06,6.1947
2019-08-07,6.1959
2019-08-08,6.1393
2019-08-09,6.1349
2019-08-10,
2019-08-11,
2019-08-12,
2019-08-13,
2019-08-14,
2019-08-15,6.1367
2019-08-16,6.2122
2019-08-17,
2019-08-18,
2019-08-19,6.1414
2019-08-20,6.1922
2019-08-21,6.3197
2019-08-22,6.3359
2019-08-23,6.3723
2019-08-24,
2019-08-25,
2019-08-26,6.3654
2019-08-27,6.4532
2019-08-28,6.4707
2019-08-29,6.4315
2019-08-30,
2019-08-31,
2019-09-01,
2019-09-02,6.4407
2019-09-03,6.3687
2019-09-04,6.316
2019-09-05,6.2352
2019-09-06,6.267
2019-09-07,
2019-09-08,
2019-09-09,6.2824
2019-09-10,6.3123
2019-09-11,6.3569
2019-09-12,6.3611
2019-09-13,6.3087
2019-09-14,
2019-09-15,
2019-09-16,6.2876
2019-09-17,6.3154
2019-09-18,6.3038
2019-09-19,6.2747
2019-09-20,6.2941
2019-09-21,
2019-09-22,
2019-09-23,6.2847
2019-09-24,6.2819
2019-09-25,6.2381
2019-09-26,6.2544
2019-09-27,6.1982
2019-09-28,
2019-09-29,
2019-09-30,6.1836
2019-10-01,6.1671
2019-10-02,6.1817
2019-10-03,6.2547
2019-10-04,6.2265
2019-10-05,
2019-10-06,
2019-10-07,6.2454
2019-10-08,6.294
2019-10-09,6.3897
2019-10-10,6.3974
2019-10-11,6.4694
2019-10-12,
2019-10-13,
2019-10-14,6.4405
2019-10-15,6.5174
2019-10-16,6.4888
2019-10-17,6.5012
2019-10-18,6.5255
2019-10-19,
2019-10-20,
2019-10-21,6.4202
2019-10-22,6.4894
2019-10-23,6.4969
2019-10-24,6.4158
2019-10-25,6.392
2019-10-26,
2019-10-27,
2019-10-28,6.3996
2019-10-29,
2019-10-30,6.3996
2019-10-31,6.3772
2019-11-01,6.3715
2019-11-02,
2019-11-03,
2019-11-04,6.3803
2019-11-05,6.3458
2019-11-06,6.374
2019-11-07,6.3714
2019-11-08,6.3547
2019-11-09,
2019-11-10,
2019-11-11,6.3412
2019-11-12,6.3641
2019-11-13,6.3586
2019-11-14,6.3395
2019-11-15,6.333
2019-11-16,
2019-11-17,
2019-11-18,6.3352
2019-11-19,6.3378
2019-11-20,6.3279
2019-11-21,6.3027
2019-11-22,6.3047
2019-11-23,
2019-11-24,
2019-11-25,6.2979
2019-11-26,6.3026
2019-11-27,6.3214
2019-11-28,6.333
2019-11-29,6.3396
2019-11-30,
2019-12-01,
2019-12-02,6.3175
2019-12-03,6.3246
2019-12-04,6.3552
2019-12-05,6.3529
2019-12-06,6.3738
2019-12-07,
2019-12-08,
2019-12-09,6.3805
2019-12-10,6.4083
2019-12-11,6.4218
2019-12-12,6.4267
2019-12-13,6.4434
2019-12-14,
2019-12-15,
2019-12-16,6.4503
2019-12-17,6.4993
2019-12-18,6.529
2019-12-19,6.5671
2019-12-20,6.5963
2019-12-21,
2019-12-22,
2019-12-23,6.5704
2019-12-24,6.5714
2019-12-25,6.5773
2019-12-26,6.5755
2019-12-27,6.5759
2019-12-28,
2019-12-29,
2019-12-30,6.6117
2019-12-31,6.6506
2020-01-01,
2020-01-02,6.6621
2020-01-03,6.663
2020-01-04,
2020-01-05,
2020-01-06,6.6464
2020-01-07,6.6718
2020-01-08,6.6628
2020-01-09,6.6355
2020-01-10,6.5336
2020-01-11,
2020-01-12,
2020-01-13,6.517
2020-01-14,6.5096
2020-01-15,6.5495
2020-01-16,6.5504
2020-01-17,6.5458
2020-01-18,
2020-01-19,
2020-01-20,6.5172
2020-01-21,6.5412
2020-01-22,6.568
2020-01-23,6.5723
2020-01-24,6.5585
2020-01-25,
2020-01-26,
2020-01-27,6.5473
2020-01-28,6.5471
2020-01-29,6.5369
2020-01-30,6.5371
2020-01-31,6.5782
2020-02-01,
2020-02-02,
2020-02-03,6.5864
2020-02-04,6.6154
2020-02-05,6.6017
2020-02-06,6.5918
2020-02-07,6.5761
2020-02-08,
2020-02-09,
2020-02-10,6.5518
2020-02-11,6.5644
2020-02-12,6.5777
2020-02-13,6.5729
2020-02-14,6.5754
2020-02-15,
2020-02-16,
2020-02-17,6.555
2020-02-18,6.5435
2020-02-19,6.5596
2020-02-20,6.5428
2020-02-21,6.5654
2020-02-22,
2020-02-23,
2020-02-24,6.5922
2020-02-25,6.6409
2020-02-26,6.6416
2020-02-27,6.689
2020-02-28,6.7344
2020-02-29,
2020-03-01,
2020-03-02,6.8592
2020-03-03,6.8903
2020-03-04,6.8889
2020-03-05,6.7927
2020-03-06,6.778
2020-03-07,
2020-03-08,
2020-03-09,6.8604
2020-03-10,6.9735
2020-03-11,6.9455
2020-03-12,6.9669
2020-03-13,7.0139
2020-03-14,
2020-03-15,
2020-03-16,7.0099
2020-03-17,7.1143
2020-03-18,7.1564
2020-03-19,7.0871
2020-03-20,7.055
2020-03-21,
2020-03-22,
2020-03-23,6.9737
2020-03-24,7.0484
2020-03-25,7.0455
2020-03-26,6.9271
2020-03-27,7.061
2020-03-28,
2020-03-29,
2020-03-30,7.0896
2020-03-31,7.215
2020-04-01,7.2107
2020-04-02,7.2756
2020-04-03,7.2849
2020-04-04,
2020-04-05,
2020-04-06,7.2279
2020-04-07,7.299
2020-04-08,7.3253
2020-04-09,7.3544
2020-04-10,7.3235
2020-04-11,
2020-04-12,
2020-04-13,7.3176
2020-04-14,7.3954
2020-04-15,7.4118
2020-04-16,7.4871
2020-04-17,7.5145
2020-04-18,
2020-04-19,
2020-04-20,7.4906
2020-04-21,7.5077
2020-04-22,7.5398
2020-04-23,
2020-04-24,7.5729
2020-04-25,
2020-04-26,
2020-04-27,7.4903
2020-04-28,7.559
2020-04-29,7.5877
2020-04-30,7.5764
2020-05-01,
2020-05-02,
2020-05-03,
2020-05-04,7.5827
2020-05-05,7.6739
2020-05-06,7.6624
2020-05-07,7.7112
2020-05-08,7.7944
2020-05-09,
2020-05-10,
2020-05-11,7.6894
2020-05-12,7.6509
2020-05-13,7.5922
2020-05-14,7.5735
2020-05-15,7.5122
2020-05-16,
2020-05-17,
2020-05-18,7.4624
2020-05-19,
2020-05-20,7.4185
2020-05-21,7.428
2020-05-22,7.4499
2020-05-23,
2020-05-24,
2020-05-25,
2020-05-26,
2020-05-27,7.4065
2020-05-28,7.4299
2020-05-29,7.4738
2020-05-30,
2020-05-31,
2020-06-01,7.577
2020-06-02,7.5724
2020-06-03,7.5654
2020-06-04,7.5439
2020-06-05,7.5677
2020-06-06,
2020-06-07,
2020-06-08,7.6644
2020-06-09,7.6448
2020-06-10,7.6453
2020-06-11,7.7032
2020-06-12,7.7125
2020-06-13,
2020-06-14,
2020-06-15,7.7097
2020-06-16,7.6741
2020-06-17,7.7306
2020-06-18,7.6884
2020-06-19,7.6992
2020-06-20,
2020-06-21,
2020-06-22,7.6739
2020-06-23,7.6713
2020-06-24,7.7278
2020-06-25,7.7363
2020-06-26,7.6796
2020-06-27,
2020-06-28,
2020-06-29,7.6776
2020-06-30,7.7082
2020-07-01,7.672
2020-07-02,7.6774
2020-07-03,7.7211
2020-07-04,
2020-07-05,
2020-07-06,7.6859
2020-07-07,7.7356
2020-07-08,7.73
2020-07-09,7.7308
2020-07-10,7.7688
2020-07-11,
2020-07-12,
2020-07-13,7.7309
2020-07-14,7.76
2020-07-15,
2020-07-16,7.7815
2020-07-17,7.8021
2020-07-18,
2020-07-19,
2020-07-20,7.8083
2020-07-21,7.8391
2020-07-22,7.8296
2020-07-23,7.893
2020-07-24,7.9191
2020-07-25,
2020-07-26,
2020-07-27,7.9298
2020-07-28,8.0074
2020-07-29,8.07
2020-07-30,8.1481
2020-07-31,
2020-08-01,
2020-08-02,
2020-08-03,
2020-08-04,8.1481
2020-08-05,8.1676
2020-08-06,8.2718
2020-08-07,8.486
2020-08-08,
2020-08-09,
2020-08-10,8.5939
2020-08-11,8.585
2020-08-12,8.5299
2020-08-13,8.5658
2020-08-14,8.6564
2020-08-15,
2020-08-16,
2020-08-17,8.671
2020-08-18,8.7328
2020-08-19,8.7678
2020-08-20,8.771
2020-08-21,8.6389
2020-08-22,
2020-08-23,
2020-08-24,8.5281
2020-08-25,8.6764
2020-08-26,8.708
2020-08-27,8.6755
2020-08-28,8.6521
2020-08-29,
2020-08-30,
2020-08-31,8.6897
2020-09-01,8.7284
2020-09-02,8.7979
2020-09-03,8.7321
2020-09-04,8.7435
2020-09-05,
2020-09-06,
2020-09-07,8.7822
2020-09-08,8.7938
2020-09-09,8.7994
2020-09-10,8.7855
2020-09-11,8.8228
2020-09-12,
2020-09-13,
2020-09-14,8.8172
2020-09-15,8.858
2020-09-16,8.8759
2020-09-17,8.8606
2020-09-18,8.8648
2020-09-19,
2020-09-20,
2020-09-21,8.9295
2020-09-22,8.943
2020-09-23,8.9553
2020-09-24,8.959
2020-09-25,8.9277
2020-09-26,
2020-09-27,
2020-09-28,8.805
2020-09-29,9.0268
2020-09-30,9.1281
2020-10-01,9.0835
2020-10-02,9.0376
2020-10-03,
2020-10-04,
2020-10-05,9.0598
2020-10-06,9.0815
2020-10-07,9.1257
2020-10-08,9.2058
2020-10-09,9.2859
2020-10-10,
2020-10-11,
2020-10-12,9.3242
2020-10-13,9.2889
2020-10-14,9.2866
2020-10-15,9.2986
2020-10-16,9.2724
2020-10-17,
2020-10-18,
2020-10-19,9.2692
2020-10-20,9.253
2020-10-21,9.2874
2020-10-22,9.2677
2020-10-23,9.2387
2020-10-24,
2020-10-25,
2020-10-26,9.3941
2020-10-27,9.4924
2020-10-28,9.5974
2020-10-29,
2020-10-30,9.5974
2020-10-31,
2020-11-01,
2020-11-02,9.6985
2020-11-03,9.7506
2020-11-04,9.8802
2020-11-05,9.8715
2020-11-06,9.9416
2020-11-07,
2020-11-08,
2020-11-09,10.0279
2020-11-10,9.7173
2020-11-11,9.7278
2020-11-12,9.4921
2020-11-13,9.1861
2020-11-14,
2020-11-15,
2020-11-16,9.0169
2020-11-17,9.093
2020-11-18,9.1836
2020-11-19,9.1701
2020-11-20,9.0783
2020-11-21,
2020-11-22,
2020-11-23,8.995
2020-11-24,9.2197
2020-11-25,9.3956
2020-11-26,9.4499
2020-11-27,9.4067
2020-11-28,
2020-11-29,
2020-11-30,9.2988
2020-12-01,9.3306
2020-12-02,9.3868
2020-12-03,9.4134
2020-12-04,9.5106
2020-12-05,
2020-12-06,
2020-12-07,9.4625
2020-12-08,9.4913
2020-12-09,9.462
2020-12-10,9.484
2020-12-11,9.4932
2020-12-12,
2020-12-13,
2020-12-14,9.6241
2020-12-15,9.5624
2020-12-16,9.5184
2020-12-17,9.4908
2020-12-18,9.4817
2020-12-19,
2020-12-20,
2020-12-21,9.423
2020-12-22,9.3504
2020-12-23,9.3347
2020-12-24,9.303
2020-12-25,9.2948
2020-12-26,
2020-12-27,
2020-12-28,9.2037
2020-12-29,9.137
2020-12-30,9.0697
2020-12-31,9.0079
2021-01-01,
2021-01-02,
2021-01-03,
2021-01-04,9.1164
2021-01-05,9.0382
2021-01-06,9.0656
2021-01-07,9.0397
2021-01-08,8.9342
2021-01-09,
2021-01-10,
2021-01-11,8.9968
2021-01-12,9.0629
2021-01-13,9.0693
2021-01-14,9.0552
2021-01-15,8.9815
2021-01-16,
2021-01-17,
2021-01-18,8.9635
2021-01-19,9.0457
2021-01-20,9.0235
2021-01-21,9.0232
2021-01-22,8.9597
2021-01-23,
2021-01-24,
2021-01-25,9.0044
2021-01-26,8.9778
2021-01-27,8.955
2021-01-28,8.9276
2021-01-29,8.9216
2021-01-30,
2021-01-31,
2021-02-01,8.8718
2021-02-02,8.7345
2021-02-03,8.607
2021-02-04,8.5995
2021-02-05,8.5559
2021-02-06,
2021-02-07,
2021-02-08,8.4764
2021-02-09,8.5036
2021-02-10,8.5664
2021-02-11,8.5517
2021-02-12,8.5374
2021-02-13,
2021-02-14,
2021-02-15,8.4977
2021-02-16,8.4607
2021-02-17,8.4026
2021-02-18,8.4558
2021-02-19,8.3867
2021-02-20,
2021-02-21,
2021-02-22,8.4407
2021-02-23,8.475
2021-02-24,8.5418
2021-02-25,8.6774
2021-02-26,8.7811
2021-02-27,
2021-02-28,
2021-03-01,8.942
2021-03-02,8.8059
2021-03-03,8.7855
2021-03-04,8.8679
2021-03-05,8.9768
2021-03-06,
2021-03-07,
2021-03-08,8.9643
2021-03-09,9.0208
2021-03-10,9.0851
2021-03-11,9.0315
2021-03-12,8.8995
2021-03-13,
2021-03-14,
2021-03-15,9.0326
2021-03-16,8.9912
2021-03-17,8.954
2021-03-18,8.9242
2021-03-19,8.9113
2021-03-20,
2021-03-21,
2021-03-22,8.6566
2021-03-23,9.4069
2021-03-24,9.2902
2021-03-25,9.4257
2021-03-26,9.3778
2021-03-27,
2021-03-28,
2021-03-29,9.415
2021-03-30,9.5618
2021-03-31,9.7741
2021-04-01,9.7688
2021-04-02,9.5898
2021-04-03,
2021-04-04,
2021-04-05,9.4646
2021-04-06,9.5622
2021-04-07,9.6191
2021-04-08,9.7075
2021-04-09,9.6808
2021-04-10,
2021-04-11,
2021-04-12,9.6777
2021-04-13,9.7149
2021-04-14,9.6805
2021-04-15,9.6558
2021-04-16,9.647
2021-04-17,
2021-04-18,
2021-04-19,9.6524
2021-04-20,9.6802
2021-04-21,9.7718
2021-04-22,9.7816
2021-04-23,
2021-04-24,
2021-04-25,
2021-04-26,9.9576
2021-04-27,10.0735
2021-04-28,9.9371
2021-04-29,9.8799
2021-04-30,9.909
2021-05-01,
2021-05-02,
2021-05-03,9.9545
2021-05-04,9.9885
2021-05-05,9.9837
2021-05-06,10.0109
2021-05-07,9.9979
2021-05-08,
2021-05-09,
2021-05-10,9.9879
2021-05-11,10.0284
2021-05-12,10.0727
2021-05-13,
2021-05-14,
2021-05-15,
2021-05-16,
2021-05-17,10.0727
2021-05-18,10.1403
2021-05-19,
2021-05-20,10.1667
2021-05-21,10.2043
2021-05-22,
2021-05-23,
2021-05-24,10.2072
2021-05-25,10.2278
2021-05-26,10.2861
2021-05-27,10.3227
2021-05-28,10.2849
2021-05-29,
2021-05-30,
2021-05-31,10.4147
2021-06-01,10.3629
2021-06-02,10.3998
2021-06-03,10.4895
2021-06-04,10.5091
2021-06-05,
2021-06-06,
2021-06-07,10.516
2021-06-08,10.4825
2021-06-09,10.4585
2021-06-10,10.4515
2021-06-11,10.3808
2021-06-12,
2021-06-13,
2021-06-14,10.1615
2021-06-15,10.0998
2021-06-16,10.3646
2021-06-17,10.3327
2021-06-18,10.3072
2021-06-19,
2021-06-20,
2021-06-21,10.3197
2021-06-22,10.4032
2021-06-23,10.3722
2021-06-24,10.2828
2021-06-25,10.3356
2021-06-26,
2021-06-27,
2021-06-28,10.3646
2021-06-29,10.4077
2021-06-30,10.3645
2021-07-01,10.3249
2021-07-02,10.2889
2021-07-03,
2021-07-04,
2021-07-05,10.2657
2021-07-06,10.287
2021-07-07,10.2562
2021-07-08,10.2469
2021-07-09,10.2721
2021-07-10,
2021-07-11,
2021-07-12,10.2712
2021-07-13,10.2354
2021-07-14,10.1926
2021-07-15,
2021-07-16,10.156
2021-07-17,
2021-07-18,
2021-07-19,10.0483
2021-07-20,
2021-07-21,
2021-07-22,
2021-07-23,
2021-07-24,
2021-07-25,
2021-07-26,10.0483
2021-07-27,10.105
2021-07-28,10.0896
2021-07-29,10.0929
2021-07-30,10.0862
2021-07-31,
2021-08-01,
2021-08-02,10.0084
2021-08-03,9.9677
2021-08-04,9.8906
2021-08-05,9.9891
2021-08-06,10.0976
2021-08-07,
2021-08-08,
2021-08-09,10.1149
2021-08-10,10.1622
2021-08-11,10.1112
2021-08-12,10.1014
2021-08-13,10.064
2021-08-14,
2021-08-15,
2021-08-16,10.0251
2021-08-17,9.9762
2021-08-18,9.9022
2021-08-19,9.9174
2021-08-20,9.9491
2021-08-21,
2021-08-22,
2021-08-23,9.9551
2021-08-24,9.9144
2021-08-25,9.8728
2021-08-26,9.8404
2021-08-27,9.8352
2021-08-28,
2021-08-29,
2021-08-30,
2021-08-31,9.8494
2021-09-01,9.8228
2021-09-02,9.791
2021-09-03,9.7911
2021-09-04,
2021-09-05,
2021-09-06,9.8492
2021-09-07,9.8199
2021-09-08,9.8506
2021-09-09,9.9394
2021-09-10,10.0142
2021-09-11,
2021-09-12,
2021-09-13,9.9478
2021-09-14,9.9496
2021-09-15,9.9615
2021-09-16,9.9616
2021-09-17,9.9382
2021-09-18,
2021-09-19,
2021-09-20,10.0921
2021-09-21,10.1467
2021-09-22,10.1272
2021-09-23,10.1291
2021-09-24,10.1456
2021-09-25,
2021-09-26,
2021-09-27,10.3526
2021-09-28,10.3364
2021-09-29,10.3486
2021-09-30,10.3135
2021-10-01,10.2933
2021-10-02,
2021-10-03,
2021-10-04,10.2484
2021-10-05,10.2822
2021-10-06,10.2583
2021-10-07,10.2876
2021-10-08,10.2469
2021-10-09,
2021-10-10,
2021-10-11,10.2832
2021-10-12,10.3398
2021-10-13,10.4026
2021-10-14,10.4268
2021-10-15,10.612
2021-10-16,
2021-10-17,
2021-10-18,10.6785
2021-10-19,10.7375
2021-10-20,10.8237
2021-10-21,10.8308
2021-10-22,10.8108
2021-10-23,
2021-10-24,
2021-10-25,11.1566
2021-10-26,11.3283
2021-10-27,10.9812
2021-10-28,10.998
2021-10-29,
2021-10-30,
2021-10-31,
2021-11-01,10.998
2021-11-02,11.0216
2021-11-03,11.0413
2021-11-04,11.1892
2021-11-05,11.199
2021-11-06,
2021-11-07,
2021-11-08,11.1995
2021-11-09,11.2013
2021-11-10,11.2469
2021-11-11,11.3156
2021-11-12,11.3726
2021-11-13,
2021-11-14,
2021-11-15,11.3448
2021-11-16,11.4282
2021-11-17,11.5606
2021-11-18,11.7627
2021-11-19,12.1224
2021-11-20,
2021-11-21,
2021-11-22,12.4815
2021-11-23,12.5938
2021-11-24,13.6789
2021-11-25,14.1524
2021-11-26,13.464
2021-11-27,
2021-11-28,
2021-11-29,13.5971
2021-11-30,14.2793
2021-12-01,14.6798
2021-12-02,15.1049
2021-12-03,15.1838
2021-12-04,
2021-12-05,
2021-12-06,15.4548
2021-12-07,15.5503
2021-12-08,15.4101
2021-12-09,15.3754
2021-12-10,15.5577
2021-12-11,
2021-12-12,
2021-12-13,15.6094
2021-12-14,16.0663
2021-12-15,16.0096
2021-12-16,16.494
2021-12-17,17.1957
2021-12-18,
2021-12-19,
2021-12-20,18.5044
2021-12-21,19.6788
2021-12-22,14.7024
2021-12-23,14.0483
2021-12-24,12.9683
2021-12-25,
2021-12-26,
2021-12-27,13.2926
2021-12-28,12.8903
2021-12-29,13.4
2021-12-30,13.8011
2021-12-31,14.6823
2022-01-01,
2022-01-02,
2022-01-03,15.0867
2022-01-04,15.2342
2022-01-05,14.8902
2022-01-06,15.1137
2022-01-07,15.4105
2022-01-08,
2022-01-09,
2022-01-10,15.5501
2022-01-11,15.5443
2022-01-12,15.5689
2022-01-13,15.5908
2022-01-14,15.5177
2022-01-15,
2022-01-16,
2022-01-17,15.4799
2022-01-18,15.394
2022-01-19,15.395
2022-01-20,15.3848
2022-01-21,15.2577
2022-01-22,
2022-01-23,
2022-01-24,15.1892
2022-01-25,15.1506
2022-01-26,15.2425
2022-01-27,15.2404
2022-01-28,15.2159
2022-01-29,
2022-01-30,
2022-01-31,15.1536
2022-02-01,14.9676
2022-02-02,15.0503
2022-02-03,15.1653
2022-02-04,15.3002
2022-02-05,
2022-02-06,
2022-02-07,15.5162
2022-02-08,15.4812
2022-02-09,15.5412
2022-02-10,15.5002
2022-02-11,15.4713
2022-02-12,
2022-02-13,
2022-02-14,15.3674
2022-02-15,15.327
2022-02-16,15.4218
2022-02-17,15.4927
2022-02-18,15.462
2022-02-19,
2022-02-20,
2022-02-21,15.4745
2022-02-22,15.4651
2022-02-23,15.5648
2022-02-24,15.6358
2022-02-25,15.9627
2022-02-26,
2022-02-27,
2022-02-28,15.7097
2022-03-01,15.4724
2022-03-02,15.5556
2022-03-03,15.5729
2022-03-04,15.6521
2022-03-05,
2022-03-06,
2022-03-07,15.6017
2022-03-08,15.5309
2022-03-09,15.7502
2022-03-10,15.9918
2022-03-11,16.2842
2022-03-12,
2022-03-13,
2022-03-14,16.3758
2022-03-15,16.1627
2022-03-16,16.217
2022-03-17,16.1254
2022-03-18,16.2065
2022-03-19,
2022-03-20,
2022-03-21,16.3261
2022-03-22,16.3668
2022-03-23,16.2734
2022-03-24,16.2985
2022-03-25,16.2825
2022-03-26,
2022-03-27,
2022-03-28,16.3136
2022-03-29,16.262
2022-03-30,16.3117
2022-03-31,16.3086
2022-04-01,16.2855
2022-04-02,
2022-04-03,
2022-04-04,16.2145
2022-04-05,16.1796
2022-04-06,16.1262
2022-04-07,16.0543
2022-04-08,16.0523
2022-04-09,
2022-04-10,
2022-04-11,16.0012
2022-04-12,16.0497
2022-04-13,15.933
2022-04-14,15.7713
2022-04-15,15.9114
2022-04-16,
2022-04-17,
2022-04-18,15.8056
2022-04-19,15.7912
2022-04-20,15.801
2022-04-21,15.8633
2022-04-22,15.9909
2022-04-23,
2022-04-24,
2022-04-25,15.9017
2022-04-26,15.8262
2022-04-27,15.7779
2022-04-28,15.6941
2022-04-29,15.5448
2022-04-30,
2022-05-01,
2022-05-02,
2022-05-03,
2022-05-04,
2022-05-05,15.6139
2022-05-06,15.7054
2022-05-07,
2022-05-08,
2022-05-09,15.7147
2022-05-10,15.7587
2022-05-11,16.0374
2022-05-12,16.133
2022-05-13,16.0354
2022-05-14,
2022-05-15,
2022-05-16,16.0455
2022-05-17,16.2166
2022-05-18,16.5628
2022-05-19,
2022-05-20,16.7425
2022-05-21,
2022-05-22,
2022-05-23,16.8483
2022-05-24,16.8698
2022-05-25,17.2255
2022-05-26,17.366
2022-05-27,17.5101
2022-05-28,
2022-05-29,
2022-05-30,17.527
2022-05-31,17.6019
2022-06-01,17.5702
2022-06-02,17.5916
2022-06-03,17.57
2022-06-04,
2022-06-05,
2022-06-06,17.7066
2022-06-07,17.7785
2022-06-08,17.8408
2022-06-09,18.2931
2022-06-10,18.43
2022-06-11,
2022-06-12,
2022-06-13,18.0924
2022-06-14,18.0353
2022-06-15,18.0055
2022-06-16,18.0818
2022-06-17,17.984
2022-06-18,
2022-06-19,
2022-06-20,18.173
2022-06-21,18.2219
2022-06-22,18.2799
2022-06-23,18.2142
2022-06-24,18.2455
2022-06-25,
2022-06-26,
2022-06-27,18.2753
2022-06-28,17.6057
2022-06-29,17.5858
2022-06-30,17.5221
2022-07-01,17.3701
2022-07-02,
2022-07-03,
2022-07-04,17.4703
2022-07-05,17.5322
2022-07-06,17.5036
2022-07-07,17.5783
2022-07-08,17.5988
2022-07-09,
2022-07-10,
2022-07-11,
2022-07-12,
2022-07-13,17.5988
2022-07-14,17.4693
2022-07-15,
2022-07-16,
2022-07-17,
2022-07-18,17.4977
2022-07-19,17.7083
2022-07-20,17.9559
2022-07-21,17.9549
2022-07-22,17.966
2022-07-23,
2022-07-24,
2022-07-25,18.0087
2022-07-26,18.1927
2022-07-27,18.16
2022-07-28,18.1286
2022-07-29,18.2176
2022-07-30,
2022-07-31,
2022-08-01,18.2977
2022-08-02,18.3644
2022-08-03,18.3502
2022-08-04,18.2593
2022-08-05,18.2617
2022-08-06,
2022-08-07,
2022-08-08,18.3515
2022-08-09,18.285
2022-08-10,18.3329
2022-08-11,18.3411
2022-08-12,18.5263
2022-08-13,
2022-08-14,
2022-08-15,18.4687
2022-08-16,18.3238
2022-08-17,18.1958
2022-08-18,18.2487
2022-08-19,18.2694
2022-08-20,
2022-08-21,
2022-08-22,18.2093
2022-08-23,18.1184
2022-08-24,17.9664
2022-08-25,18.0113
2022-08-26,18.138
2022-08-27,
2022-08-28,
2022-08-29,18.1354
2022-08-30,
2022-08-31,18.0933
2022-09-01,18.1574
2022-09-02,18.2226
2022-09-03,
2022-09-04,
2022-09-05,18.1797
2022-09-06,18.0545
2022-09-07,18.1153
2022-09-08,18.0378
2022-09-09,18.2218
2022-09-10,
2022-09-11,
2022-09-12,18.3622
2022-09-13,18.5041
2022-09-14,18.513
2022-09-15,18.2196
2022-09-16,18.2095
2022-09-17,
2022-09-18,
2022-09-19,18.1954
2022-09-20,18.2271
2022-09-21,18.3014
2022-09-22,18.1312
2022-09-23,18.0785
2022-09-24,
2022-09-25,
2022-09-26,17.9431
2022-09-27,17.7909
2022-09-28,17.7719
2022-09-29,17.6711
2022-09-30,17.9232
2022-10-01,
2022-10-02,
2022-10-03,18.1395
2022-10-04,18.1474
2022-10-05,18.3233
2022-10-06,18.4388
2022-10-07,18.3543
2022-10-08,
2022-10-09,
2022-10-10,18.1795
2022-10-11,18.0048
2022-10-12,18.0168
2022-10-13,18.0297
2022-10-14,18.0405
2022-10-15,
2022-10-16,
2022-10-17,18.093
2022-10-18,18.0897
2022-10-19,18.2696
2022-10-20,18.2157
2022-10-21,18.186
2022-10-22,
2022-10-23,
2022-10-24,18.1246
2022-10-25,18.2761
2022-10-26,18.3231
2022-10-27,18.6253
2022-10-28,18.6837
2022-10-29,
2022-10-30,
2022-10-31,18.6837
2022-11-01,18.4742
2022-11-02,18.468
2022-11-03,18.4043
2022-11-04,18.1639
2022-11-05,
2022-11-06,
2022-11-07,18.185
2022-11-08,18.5226
2022-11-09,18.5744
2022-11-10,18.685
2022-11-11,18.5418
2022-11-12,
2022-11-13,
2022-11-14,18.9888
2022-11-15,19.1661
2022-11-16,19.3327
2022-11-17,19.3524
2022-11-18,19.2822
2022-11-19,
2022-11-20,
2022-11-21,19.2842
2022-11-22,19.0548
2022-11-23,19.1
2022-11-24,19.2101
2022-11-25,19.3736
2022-11-26,
2022-11-27,
2022-11-28,19.367
2022-11-29,19.4073
2022-11-30,19.3116
2022-12-01,19.2824
2022-12-02,19.4206
2022-12-03,
2022-12-04,
2022-12-05,19.6004
2022-12-06,19.6436
2022-12-07,19.5375
2022-12-08,19.5015
2022-12-09,19.5764
2022-12-10,
2022-12-11,
2022-12-12,19.6684
2022-12-13,19.6386
2022-12-14,19.6382
2022-12-15,19.8349
2022-12-16,19.7985
2022-12-17,
2022-12-18,
2022-12-19,19.8114
2022-12-20,19.7925
2022-12-21,19.8025
2022-12-22,19.7987
2022-12-23,19.8354
2022-12-24,
2022-12-25,
2022-12-26,19.8044
2022-12-27,19.8324
2022-12-28,19.9087
2022-12-29,19.8946
2022-12-30,19.8816
2022-12-31,
2023-01-01,
2023-01-02,19.9349
2023-01-03,19.9806
2023-01-04,19.7818
2023-01-05,19.8472
2023-01-06,19.8886
2023-01-07,
2023-01-08,
2023-01-09,19.704
2023-01-10,20.0269
2023-01-11,20.1386
2023-01-12,20.1528
2023-01-13,20.1858
2023-01-14,
2023-01-15,
2023-01-16,20.3386
2023-01-17,20.3163
2023-01-18,20.3157
2023-01-19,20.3329
2023-01-20,20.3054
2023-01-21,
2023-01-22,
2023-01-23,20.3419
2023-01-24,20.4768
2023-01-25,20.4142
2023-01-26,20.437
2023-01-27,20.4931
2023-01-28,
2023-01-29,
2023-01-30,20.4401
2023-01-31,20.4525
2023-02-01,20.3458
2023-02-02,20.4512
2023-02-03,20.6661
2023-02-04,
2023-02-05,
2023-02-06,20.5163
2023-02-07,20.2662
2023-02-08,20.1606
2023-02-09,20.2127
2023-02-10,20.2313
2023-02-11,
2023-02-12,
2023-02-13,20.1664
2023-02-14,20.0922
2023-02-15,20.2332
2023-02-16,20.1746
2023-02-17,20.1579
2023-02-18,
2023-02-19,
2023-02-20,20.0376
2023-02-21,20.1432
2023-02-22,20.095
2023-02-23,20.0599
2023-02-24,19.9977
2023-02-25,
2023-02-26,
2023-02-27,19.9653
2023-02-28,19.9061
2023-03-01,20.0042
2023-03-02,20.0845
2023-03-03,20.0545
2023-03-04,
2023-03-05,
2023-03-06,20.0195
2023-03-07,20.0857
2023-03-08,20.1549
2023-03-09,19.9323
2023-03-10,19.9895
2023-03-11,
2023-03-12,
2023-03-13,20.0511
2023-03-14,20.2645
2023-03-15,20.2927
2023-03-16,20.2523
2023-03-17,20.142
2023-03-18,
2023-03-19,
2023-03-20,20.2077
2023-03-21,20.2753
2023-03-22,20.4094
2023-03-23,20.5019
2023-03-24,20.722
2023-03-25,
2023-03-26,
2023-03-27,20.5055
2023-03-28,20.5252
2023-03-29,20.6467
2023-03-30,20.7201
2023-03-31,20.8021
2023-04-01,
2023-04-02,
2023-04-03,20.845
2023-04-04,20.8074
2023-04-05,20.9597
2023-04-06,21.0501
2023-04-07,20.9782
2023-04-08,
2023-04-09,
2023-04-10,20.9964
2023-04-11,20.981
2023-04-12,21.0043
2023-04-13,21.0741
2023-04-14,21.2512
2023-04-15,
2023-04-16,
2023-04-17,21.3873
2023-04-18,21.2519
2023-04-19,21.2554
2023-04-20,21.2121
2023-04-21,
2023-04-22,
2023-04-23,
2023-04-24,21.2121
2023-04-25,21.3204
2023-04-26,21.395
2023-04-27,21.4074
2023-04-28,21.4403
2023-04-29,
2023-04-30,
2023-05-01,
2023-05-02,21.3604
2023-05-03,21.3306
2023-05-04,21.4672
2023-05-05,21.5293
2023-05-06,
2023-05-07,
2023-05-08,21.4749
2023-05-09,21.5141
2023-05-10,21.4008
2023-05-11,21.3821
2023-05-12,21.3534
2023-05-13,
2023-05-14,
2023-05-15,21.3447
2023-05-16,21.3524
2023-05-17,21.4277
2023-05-18,21.3786
2023-05-19,
2023-05-20,
2023-05-21,
2023-05-22,21.3774
2023-05-23,21.4186
2023-05-24,21.3946
2023-05-25,21.3986
2023-05-26,21.3507
2023-05-27,
2023-05-28,
2023-05-29,21.4251
2023-05-30,21.4932
2023-05-31,21.7607
2023-06-01,22.0582
2023-06-02,22.1932
2023-06-03,
2023-06-04,
2023-06-05,22.4433
2023-06-06,22.6105
2023-06-07,22.9581
2023-06-08,24.6248
2023-06-09,25.0103
2023-06-10,
2023-06-11,
2023-06-12,25.2323
2023-06-13,25.4282
2023-06-14,25.5302
2023-06-15,25.4842
2023-06-16,25.6004
2023-06-17,
2023-06-18,
2023-06-19,25.8807
2023-06-20,25.8186
2023-06-21,25.772
2023-06-22,25.7113
2023-06-23,25.9732
2023-06-24,
2023-06-25,
2023-06-26,27.4579
2023-06-27,28.154
2023-06-28,
2023-06-29,
2023-06-30,
2023-07-01,
2023-07-02,
2023-07-03,28.154
2023-07-04,28.3448
2023-07-05,28.3464
2023-07-06,28.3518
2023-07-07,28.3161
2023-07-08,
2023-07-09,
2023-07-10,28.337
2023-07-11,28.5515
2023-07-12,28.6913
2023-07-13,28.7787
2023-07-14,29.1598
2023-07-15,
2023-07-16,
2023-07-17,29.339
2023-07-18,29.4868
2023-07-19,30.1791
2023-07-20,30.183
2023-07-21,30.1356
2023-07-22,
2023-07-23,
2023-07-24,29.929
2023-07-25,29.8646
2023-07-26,29.7778
2023-07-27,29.8139
2023-07-28,29.9756
2023-07-29,
2023-07-30,
2023-07-31,29.57
2023-08-01,29.6989
2023-08-02,29.5733
2023-08-03,29.5887
2023-08-04,29.4507
2023-08-05,
2023-08-06,
2023-08-07,29.4979
2023-08-08,29.6034
2023-08-09,29.6024
2023-08-10,29.6279
2023-08-11,29.7365
2023-08-12,
2023-08-13,
2023-08-14,29.6845
2023-08-15,29.5687
2023-08-16,29.5353
2023-08-17,29.516
2023-08-18,29.455
2023-08-19,
2023-08-20,
2023-08-21,29.4092
2023-08-22,29.5518
2023-08-23,29.6274
2023-08-24,29.4062
2023-08-25,29.4057
2023-08-26,
2023-08-27,
2023-08-28,28.4899
2023-08-29,28.6712
2023-08-30,
2023-08-31,28.7308
2023-09-01,29.0184
2023-09-02,
2023-09-03,
2023-09-04,28.9377
2023-09-05,28.866
2023-09-06,28.7642
2023-09-07,28.7368
2023-09-08,28.7117
2023-09-09,
2023-09-10,
2023-09-11,28.7034
2023-09-12,28.797
2023-09-13,28.7911
2023-09-14,28.8851
2023-09-15,28.8817
2023-09-16,
2023-09-17,
2023-09-18,28.7098
2023-09-19,28.7754
2023-09-20,28.864
2023-09-21,28.8676
2023-09-22,28.7571
2023-09-23,
2023-09-24,
2023-09-25,28.8483
2023-09-26,28.9027
2023-09-27,28.8183
2023-09-28,28.7853
2023-09-29,28.8083
2023-09-30,
2023-10-01,
2023-10-02,29.0305
2023-10-03,28.928
2023-10-04,28.7674
2023-10-05,28.8765
2023-10-06,28.9346
2023-10-07,
2023-10-08,
2023-10-09,29.0769
2023-10-10,29.127
2023-10-11,29.297
2023-10-12,29.3644
2023-10-13,29.4343
2023-10-14,
2023-10-15,
2023-10-16,29.2306
2023-10-17,29.3261
2023-10-18,29.4057
2023-10-19,29.563
2023-10-20,29.4883
2023-10-21,
2023-10-22,
2023-10-23,29.6017
2023-10-24,29.683
2023-10-25,29.8745
2023-10-26,29.7098
2023-10-27,29.6253
2023-10-28,
2023-10-29,
2023-10-30,29.6896
2023-10-31,29.8143
2023-11-01,30.0552
2023-11-02,29.8539
2023-11-03,30.0503
2023-11-04,
2023-11-05,
2023-11-06,30.1554
2023-11-07,30.5031
2023-11-08,30.3973
2023-11-09,30.3965
2023-11-10,30.463
2023-11-11,
2023-11-12,
2023-11-13,30.4047
2023-11-14,30.5159
2023-11-15,30.6117
2023-11-16,31.0926
2023-11-17,31.081
2023-11-18,
2023-11-19,
2023-11-20,31.1086
2023-11-21,31.355
2023-11-22,31.4725
2023-11-23,31.3523
2023-11-24,31.4156
2023-11-25,
2023-11-26,
2023-11-27,31.4311
2023-11-28,31.5995
2023-11-29,31.6139
2023-11-30,31.7037
2023-12-01,31.5154
2023-12-02,
2023-12-03,
2023-12-04,31.4437
2023-12-05,31.3515
2023-12-06,31.2561
2023-12-07,31.1547
2023-12-08,31.1103
2023-12-09,
2023-12-10,
2023-12-11,31.1567
2023-12-12,31.1556
2023-12-13,31.2629
2023-12-14,31.2806
2023-12-15,31.6038
2023-12-16,
2023-12-17,
2023-12-18,31.8017
2023-12-19,31.6644
2023-12-20,31.7461
2023-12-21,31.8497
2023-12-22,31.8579
2023-12-23,
2023-12-24,
2023-12-25,32.0726
2023-12-26,32.1766
2023-12-27,32.2421
2023-12-28,32.4186
2023-12-29,32.6937
2023-12-30,
2023-12-31,
2024-01-01,
2024-01-02,32.5739
2024-01-03,32.6671
2024-01-04,32.5431
2024-01-05,32.569
2024-01-06,
2024-01-07,
2024-01-08,32.4987
2024-01-09,32.6401
2024-01-10,32.7049
2024-01-11,32.724
2024-01-12,32.88
2024-01-13,
2024-01-14,
2024-01-15,32.9124
2024-01-16,32.9036
2024-01-17,32.751
2024-01-18,32.6911
2024-01-19,32.7618
2024-01-20,
2024-01-21,
2024-01-22,32.7771
2024-01-23,32.881
2024-01-24,32.9087
2024-01-25,32.8837
2024-01-26,32.9166
2024-01-27,
2024-01-28,
2024-01-29,32.7904
2024-01-30,32.8013
2024-01-31,32.8144
2024-02-01,32.7884
2024-02-02,32.7217
2024-02-03,
2024-02-04,
2024-02-05,33.0537
2024-02-06,32.8052
2024-02-07,32.7691
2024-02-08,32.8771
2024-02-09,32.9071
2024-02-10,
2024-02-11,
2024-02-12,32.9634
2024-02-13,33.0244
2024-02-14,33.034
2024-02-15,32.851
2024-02-16,32.9473
2024-02-17,
2024-02-18,
2024-02-19,33.0805
2024-02-20,33.2036
2024-02-21,33.264
2024-02-22,33.3931
2024-02-23,33.6051
2024-02-24,
2024-02-25,
2024-02-26,33.562
2024-02-27,33.6453
2024-02-28,33.7284
2024-02-29,33.6543
2024-03-01,33.7686
2024-03-02,
2024-03-03,
2024-03-04,33.7797
2024-03-05,34.0791
2024-03-06,34.2228
2024-03-07,34.4186
2024-03-08,34.6296
2024-03-09,
2024-03-10,
2024-03-11,34.8478
2024-03-12,34.9442
2024-03-13,34.9675
2024-03-14,35.0183
2024-03-15,35.0739
2024-03-16,
2024-03-17,
2024-03-18,34.9733
2024-03-19,35.1355
2024-03-20,35.0236
2024-03-21,35.082
2024-03-22,35.2734
2024-03-23,
2024-03-24,
2024-03-25,34.5875
2024-03-26,34.6819
2024-03-27,34.8336
2024-03-28,34.8285
2024-03-29,34.8189
2024-03-30,
2024-03-31,
2024-04-01,34.8023
2024-04-02,34.8992
2024-04-03,34.5081
2024-04-04,34.4097
2024-04-05,34.5629
2024-04-06,
2024-04-07,
2024-04-08,34.5892
2024-04-09,34.659
2024-04-10,
2024-04-11,
2024-04-12,
2024-04-13,
2024-04-14,
2024-04-15,34.659
2024-04-16,34.4475
2024-04-17,34.4266
2024-04-18,34.5266
2024-04-19,34.6559
2024-04-20,
2024-04-21,
2024-04-22,34.6254
2024-04-23,
2024-04-24,34.6207
2024-04-25,34.7084
2024-04-26,34.8231
2024-04-27,
2024-04-28,
2024-04-29,34.8255
2024-04-30,34.6487
2024-05-01,
2024-05-02,34.623
2024-05-03,34.6073
2024-05-04,
2024-05-05,
2024-05-06,34.6335
2024-05-07,34.6993
2024-05-08,34.6708
2024-05-09,34.6075
2024-05-10,34.5334
2024-05-11,
2024-05-12,
2024-05-13,34.66
2024-05-14,34.6591
2024-05-15,34.7388
2024-05-16,34.8985
2024-05-17,34.9622
2024-05-18,
2024-05-19,
2024-05-20,34.9265
2024-05-21,34.9565
2024-05-22,34.9438
2024-05-23,34.8394
2024-05-24,34.8413
2024-05-25,
2024-05-26,
2024-05-27,34.8089
2024-05-28,34.882
2024-05-29,34.9383
2024-05-30,34.918
2024-05-31,34.8654
2024-06-01,
2024-06-02,
2024-06-03,34.8283
2024-06-04,34.8607
2024-06-05,35.1019
2024-06-06,35.2869
2024-06-07,34.9997
2024-06-08,
2024-06-09,
2024-06-10,35.0641
2024-06-11,34.8022
2024-06-12,34.7345
2024-06-13,34.7349
2024-06-14,34.8106
2024-06-15,
2024-06-16,
2024-06-17,
2024-06-18,
2024-06-19,
2024-06-20,34.7319
2024-06-21,34.929
2024-06-22,
2024-06-23,
2024-06-24,35.0464
2024-06-25,35.1702
2024-06-26,35.2869
2024-06-27,35.1801
2024-06-28,35.1212
2024-06-29,
2024-06-30,
2024-07-01,35.1284
2024-07-02,35.0939
2024-07-03,34.9759
2024-07-04,34.9499
2024-07-05,35.0933
2024-07-06,
2024-07-07,
2024-07-08,35.3205
2024-07-09,35.3604
2024-07-10,35.4241
2024-07-11,35.5812
2024-07-12,35.6229
2024-07-13,
2024-07-14,
2024-07-15,
2024-07-16,35.8082
2024-07-17,35.9882
2024-07-18,36.0984
2024-07-19,36.1143
2024-07-20,
2024-07-21,
2024-07-22,35.9251
2024-07-23,35.8679
2024-07-24,35.7444
2024-07-25,35.5656
2024-07-26,35.7759
2024-07-27,
2024-07-28,
2024-07-29,35.7732
2024-07-30,35.711
2024-07-31,35.7612
2024-08-01,35.8145
2024-08-02,35.7005
2024-08-03,
2024-08-04,
2024-08-05,35.7726
2024-08-06,36.3998
2024-08-07,36.4783
2024-08-08,36.5731
2024-08-09,36.5702
2024-08-10,
2024-08-11,
2024-08-12,36.5382
2024-08-13,36.5777
2024-08-14,36.5968
2024-08-15,36.886
2024-08-16,36.9715
2024-08-17,
2024-08-18,
2024-08-19,36.9281
2024-08-20,37.1497
2024-08-21,37.3963
2024-08-22,37.6305
2024-08-23,37.7158
2024-08-24,
2024-08-25,
2024-08-26,37.6852
2024-08-27,37.9171
2024-08-28,37.9118
2024-08-29,37.8261
2024-08-30,
2024-08-31,
2024-09-01,
2024-09-02,37.6723
2024-09-03,37.5346
2024-09-04,37.4322
2024-09-05,37.5501
2024-09-06,37.616
2024-09-07,
2024-09-08,
2024-09-09,37.6683
2024-09-10,37.5419
2024-09-11,37.5231
2024-09-12,37.4837
2024-09-13,37.3343
2024-09-14,
2024-09-15,
2024-09-16,37.4964
2024-09-17,37.6852
2024-09-18,37.8255
2024-09-19,37.8693
2024-09-20,37.9182
2024-09-21,
2024-09-22,
2024-09-23,37.9058
2024-09-24,37.8615
2024-09-25,37.9305
2024-09-26,38.1426
2024-09-27,38.0092
2024-09-28,
2024-09-29,
2024-09-30,38.018
2024-10-01,38.1714
2024-10-02,37.889
2024-10-03,37.808
2024-10-04,37.6544
2024-10-05,
2024-10-06,
2024-10-07,37.6516
2024-10-08,37.4998
2024-10-09,37.5932
2024-10-10,37.4829
2024-10-11,37.3463
2024-10-12,
2024-10-13,
2024-10-14,37.373
2024-10-15,37.3644
2024-10-16,37.2908
2024-10-17,37.1938
2024-10-18,37.0392
2024-10-19,
2024-10-20,
2024-10-21,37.0621
2024-10-22,37.0871
2024-10-23,37.0035
2024-10-24,36.8722
2024-10-25,36.9095
2024-10-26,
2024-10-27,
2024-10-28,36.9993
2024-10-29,
2024-10-30,36.9993
2024-10-31,37.0474
2024-11-01,37.1235
2024-11-02,
2024-11-03,
2024-11-04,37.1848
2024-11-05,37.3528
2024-11-06,37.3363
2024-11-07,36.7154
2024-11-08,36.7576
2024-11-09,
2024-11-10,
2024-11-11,36.9321
2024-11-12,36.6384
2024-11-13,36.4642
2024-11-14,36.4323
2024-11-15,36.1255
2024-11-16,
2024-11-17,
2024-11-18,36.2766
2024-11-19,36.3227
2024-11-20,36.4813
2024-11-21,36.3826
2024-11-22,36.2759
2024-11-23,
2024-11-24,
2024-11-25,35.9849
2024-11-26,36.1612
2024-11-27,36.2891
2024-11-28,36.3371
2024-11-29,36.4509
2024-11-30,
2024-12-01,
2024-12-02,36.5473
2024-12-03,36.4313
2024-12-04,36.4494
2024-12-05,36.439
2024-12-06,36.5136
2024-12-07,
2024-12-08,
2024-12-09,36.7174
2024-12-10,36.715
2024-12-11,36.6602
2024-12-12,36.5548
2024-12-13,36.5873
2024-12-14,
2024-12-15,
2024-12-16,36.5216
2024-12-17,36.6498
2024-12-18,36.6424
2024-12-19,36.6959
2024-12-20,36.4134
2024-12-21,
2024-12-22,
2024-12-23,36.4162
2024-12-24,36.5473
2024-12-25,36.5693
2024-12-26,36.6592
2024-12-27,36.6076
2024-12-28,
2024-12-29,
2024-12-30,36.6134
2024-12-31,36.7429
2025-01-01,
2025-01-02,36.7362
2025-01-03,36.4804
2025-01-04,
2025-01-05,
2025-01-06,36.2762
2025-01-07,36.5264
2025-01-08,36.7501
2025-01-09,36.459
2025-01-10,36.3567
2025-01-11,
2025-01-12,
2025-01-13,36.3871
2025-01-14,36.1555
2025-01-15,36.3401
2025-01-16,36.5032
2025-01-17,36.4274
2025-01-18,
2025-01-19,
2025-01-20,36.4604
2025-01-21,36.6347
2025-01-22,36.832
2025-01-23,37.1109
2025-01-24,37.0294
2025-01-25,
2025-01-26,
2025-01-27,37.3073
2025-01-28,37.3915
2025-01-29,37.2335
2025-01-30,37.1865
2025-01-31,37.1844
2025-02-01,
2025-02-02,
2025-02-03,37.1461
2025-02-04,36.763
2025-02-05,37.0822
2025-02-06,37.3222
2025-02-07,37.1584
2025-02-08,
2025-02-09,
2025-02-10,37.2933
2025-02-11,37.1016
2025-02-12,37.0881
2025-02-13,37.3666
2025-02-14,37.5557
2025-02-15,
2025-02-16,
2025-02-17,37.7997
2025-02-18,37.8966
2025-02-19,37.8678
2025-02-20,37.812
2025-02-21,37.8218
2025-02-22,
2025-02-23,
2025-02-24,38.0381
2025-02-25,38.1135
2025-02-26,38.1144
2025-02-27,38.1763
2025-02-28,38.104
2025-03-01,
2025-03-02,
2025-03-03,37.8234
2025-03-04,37.9507
2025-03-05,38.2606
2025-03-06,38.8476
2025-03-07,39.2821
2025-03-08,
2025-03-09,
2025-03-10,39.387
2025-03-11,39.5144
2025-03-12,39.7755
2025-03-13,39.8506
2025-03-14,39.7179
2025-03-15,
2025-03-16,
2025-03-17,39.6843
2025-03-18,39.8766
2025-03-19,40.0133
2025-03-20,41.4214
2025-03-21,41.1915
2025-03-22,
2025-03-23,
2025-03-24,41.0195
2025-03-25,41.04
2025-03-26,40.9489
2025-03-27,40.9326
2025-03-28,40.874
2025-03-29,
2025-03-30,
2025-03-31,
2025-04-01,
2025-04-02,40.7019
2025-04-03,40.8746
2025-04-04,41.74
2025-04-05,
2025-04-06,
2025-04-07,41.7115
2025-04-08,41.6552
2025-04-09,41.4822
2025-04-10,41.871
2025-04-11,41.8133
2025-04-12,
2025-04-13,
2025-04-14,43.0405
2025-04-15,43.2496
2025-04-16,43.101
2025-04-17,43.2457
2025-04-18,43.2644
2025-04-19,
2025-04-20,
2025-04-21,43.2143
2025-04-22,43.9857
2025-04-23,
2025-04-24,43.8343
2025-04-25,43.485
2025-04-26,
2025-04-27,
2025-04-28,43.4132
2025-04-29,43.5309
2025-04-30,43.6858
2025-05-01,
2025-05-02,43.6361
2025-05-03,
2025-05-04,
2025-05-05,43.496
2025-05-06,43.6421
2025-05-07,43.6354
2025-05-08,43.809
2025-05-09,43.5242
2025-05-10,
2025-05-11,
2025-05-12,43.3914
2025-05-13,43.0404
2025-05-14,43.0087
2025-05-15,43.4288
2025-05-16,43.2847
2025-05-17,
2025-05-18,
2025-05-19,
2025-05-20,43.2309
2025-05-21,43.6422
2025-05-22,43.9134
2025-05-23,43.8666
2025-05-24,
2025-05-25,
2025-05-26,44.0028
2025-05-27,44.2855
2025-05-28,44.1526
2025-05-29,44.1399
2025-05-30,43.9996
2025-05-31,
2025-06-01,
2025-06-02,44.2706
2025-06-03,44.6554
2025-06-04,44.5878
2025-06-05,44.4673
2025-06-06,
2025-06-07,
2025-06-08,
2025-06-09,
2025-06-10,44.4673
2025-06-11,44.6599
2025-06-12,44.7047
2025-06-13,45.3249
2025-06-14,
2025-06-15,
2025-06-16,45.2384
2025-06-17,45.5225
2025-06-18,45.4312
2025-06-19,45.357
2025-06-20,45.2939
2025-06-21,
2025-06-22,
2025-06-23,45.5548
2025-06-24,45.526
2025-06-25,45.8819
2025-06-26,45.9946
2025-06-27,46.4941
2025-06-28,
2025-06-29,
2025-06-30,46.5526
2025-07-01,46.6074
2025-07-02,46.9375
2025-07-03,46.7606
2025-07-04,46.8004
2025-07-05,
2025-07-06,
2025-07-07,46.7222
2025-07-08,46.8302
2025-07-09,46.8836
2025-07-10,46.7923
2025-07-11,46.8833
2025-07-12,
2025-07-13,
2025-07-14,46.7575
2025-07-15,
2025-07-16,46.8415
2025-07-17,46.6624
2025-07-18,46.5844
2025-07-19,
2025-07-20,
2025-07-21,46.7999
2025-07-22,46.9527
2025-07-23,47.1822
2025-07-24,47.3692
2025-07-25,47.4843
2025-07-26,
2025-07-27,
2025-07-28,47.4217
2025-07-29,47.2531
2025-07-30,46.8015
2025-07-31,46.7684
2025-08-01,46.374
2025-08-02,
2025-08-03,
2025-08-04,46.2407
2025-08-05,46.9544
2025-08-06,46.8689
2025-08-07,47.0414
2025-08-08,47.3672
2025-08-09,
2025-08-10,
2025-08-11,47.2245
2025-08-12,47.326
2025-08-13,47.1846
2025-08-14,47.6222
2025-08-15,47.5612
2025-08-16,
2025-08-17,
2025-08-18,47.5864
2025-08-19,47.6755
2025-08-20,47.6745
2025-08-21,47.5457
2025-08-22,47.5904
2025-08-23,
2025-08-24,
2025-08-25,47.3729
2025-08-26,47.8773
2025-08-27,47.6318
2025-08-28,47.4965
2025-08-29,47.7444
2025-08-30,
2025-08-31,
2025-09-01,47.7841
2025-09-02,48.1101
2025-09-03,47.8603
2025-09-04,47.8487
2025-09-05,47.8704
2025-09-06,
2025-09-07,
2025-09-08,48.0133
2025-09-09,48.2995
2025-09-10,48.4281
2025-09-11,48.2165
2025-09-12,48.1672
2025-09-13,
2025-09-14,
2025-09-15,48.3351
2025-09-16,48.444
2025-09-17,48.6615
2025-09-18,48.8181
2025-09-19,48.7706
2025-09-20,
2025-09-21,
2025-09-22,48.4889
2025-09-23,48.582
2025-09-24,48.7644
2025-09-25,48.6935
2025-09-26,48.607
2025-09-27,
2025-09-28,
2025-09-29,48.3509
2025-09-30,48.6479
2025-10-01,48.7512
2025-10-02,48.7508
2025-10-03,48.7985
2025-10-04,
2025-10-05,
2025-10-06,48.7205
2025-10-07,48.58
2025-10-08,48.5809
2025-10-09,48.3879
2025-10-10,48.3704
2025-10-11,
2025-10-12,
2025-10-13,48.1872
2025-10-14,48.3565
2025-10-15,48.2476
2025-10-16,48.5717
2025-10-17,48.6885
2025-10-18,
2025-10-19,
2025-10-20,48.8859
2025-10-21,48.8255
2025-10-22,48.6813
